id_pedido;fecha_pedido;id_cliente;id_producto;unidades;canal;transportista;prioridad;distancia_km;dias_prometidos;stock_al_pedido;coste_envio;importe_pedido;fecha_entrega_prevista;fecha_entrega_real;entrega_tarde
50001;23/08/2025;10086;20047;3;Tienda;Rapidex;Alta;391;2;11;9,9;847,23;25/08/2025;29/08/2025;1
50002;19/06/2026;10240;20058;2;App;Rapidex;Normal;405;5;20;12,42;215,38;24/06/2026;25/06/2026;1
50003;20/05/2026;10148;20067;1;Web;Rapidex;Normal;528;3;38;10,35;364,61;23/05/2026;25/05/2026;1
50004;05/07/2025;10156;20050;3;Web;Transnova;Normal;348;1;33;10,57;988,02;06/07/2025;10/07/2025;1
50005;06/05/2026;10232;20063;1;App;Rapidex;Normal;5;4;14;3,85;236,55;10/05/2026;10/05/2026;0
50006;05/01/2025;10250;20032;4;App;Transnova;Normal;5;5;18;5,06;581,48;10/01/2025;11/01/2025;1
50007;22/06/2026;10097;20058;2;Tienda;Gopack;Normal;464;1;1;11,22;215,38;23/06/2026;26/06/2026;1
50008;23/06/2025;10092;20069;5;App;Gopack;Normal;391;2;8;9,84;1480,45;25/06/2025;01/07/2025;1
50009;25/01/2026;10251;20027;2;Web;Gopack;Normal;612;1;12;12,62;228,04;26/01/2026;28/01/2026;1
50010;22/09/2025;10080;20073;4;Web;Blueship;Normal;544;1;16;15,86;1493,8;23/09/2025;24/09/2025;1
50011;03/05/2025;10065;20019;3;App;Rapidex;Alta;75;1;10;5,78;1026,39;04/05/2025;10/05/2025;1
50012;28/08/2025;10081;20022;1;Tienda;Rapidex;Alta;674;4;18;11,66;139,63;01/09/2025;01/09/2025;0
50013;03/03/2026;10133;20029;5;App;Transnova;Normal;415;5;10;16,11;223,75;08/03/2026;11/03/2026;1
50014;28/11/2025;10168;20064;3;Tienda;Gopack;Alta;180;1;0;7,66;1179,42;29/11/2025;04/12/2025;1
50015;16/01/2025;10211;20069;1;Web;Rapidex;Normal;294;2;17;3,68;296,09;18/01/2025;18/01/2025;0
50016;10/09/2025;10014;20038;3;Web;Rapidex;Alta;130;5;10;8,06;391,32;15/09/2025;17/09/2025;1
50017;25/12/2025;10089;20003;1;Web;Gopack;Normal;620;3;8;11,29;255,42;28/12/2025;28/12/2025;0
50018;23/04/2026;10258;20038;2;Tienda;Transnova;Normal;544;2;31;12,64;260,88;25/04/2026;25/04/2026;0
50019;26/05/2025;10189;20031;2;Tienda;Gopack;Normal;198;1;13;7,33;68,24;27/05/2025;27/05/2025;0
50020;25/05/2025;10063;20022;3;Web;Gopack;Normal;499;5;15;12,09;418,89;30/05/2025;04/06/2025;1
50021;03/06/2025;10104;20031;2;Tienda;Transnova;Normal;94;1;7;8,33;68,24;04/06/2025;06/06/2025;1
50022;13/02/2025;10147;20021;5;Tienda;Blueship;Alta;492;1;12;12,5;720,75;14/02/2025;14/02/2025;0
50023;04/04/2026;10184;20060;1;App;Transnova;Normal;226;5;19;3,51;149,55;09/04/2026;09/04/2026;0
50024;25/02/2025;10231;20017;2;App;Transnova;Normal;439;4;6;8,7;90,52;01/03/2025;01/03/2025;0
50025;29/04/2025;10176;20048;1;App;Blueship;Normal;412;2;0;10,44;239,74;01/05/2025;01/05/2025;0
50026;09/02/2025;10175;20071;3;Web;Gopack;Normal;230;4;23;6,35;881,43;13/02/2025;13/02/2025;0
50027;15/03/2026;10241;20012;4;Web;Transnova;Normal;515;5;37;13,44;110,72;20/03/2026;25/03/2026;1
50028;07/02/2026;10153;20066;1;App;Blueship;Normal;733;2;20;14,06;315,99;09/02/2026;10/02/2026;1
50029;24/01/2025;10185;20003;5;App;Gopack;Normal;547;1;30;16,21;1277,1;25/01/2025;29/01/2025;1
50030;03/06/2026;10084;20017;4;Tienda;Rapidex;Normal;494;2;35;13,48;181,04;05/06/2026;10/06/2026;1
50031;01/06/2026;10203;20045;4;Web;Rapidex;Normal;486;2;0;12,36;1139,44;03/06/2026;08/06/2026;1
50032;31/07/2025;10091;20022;2;Web;Rapidex;Alta;403;4;22;10,37;279,26;04/08/2025;07/08/2025;1
50033;23/05/2026;10087;20069;3;App;Blueship;Normal;658;2;11;14,79;888,27;25/05/2026;25/05/2026;0
50034;19/02/2025;10233;20039;3;Tienda;Blueship;Alta;690;2;13;14,13;295,5;21/02/2025;22/02/2025;1
50035;19/08/2025;10029;20015;5;App;Blueship;Normal;386;3;16;12,43;836,95;22/08/2025;25/08/2025;1
50036;15/04/2025;10179;20035;3;Web;Gopack;Normal;641;4;13;12,02;634,41;19/04/2025;21/04/2025;1
50037;15/02/2025;10126;20047;1;Tienda;Rapidex;Normal;151;2;32;7,76;282,41;08/02/2025;08/02/2025;0
50038;21/08/2025;10254;20054;5;App;Transnova;Alta;824;3;22;18,63;447,8;24/08/2025;25/08/2025;1
50039;24/01/2025;10165;20069;2;Web;Transnova;Alta;387;5;6;9,24;592,18;29/01/2025;29/01/2025;0
50040;16/03/2025;10165;20034;4;Tienda;Rapidex;Normal;350;2;21;12,44;1027,28;18/03/2025;18/03/2025;0
50041;07/07/2025;10174;20063;3;Tienda;Blueship;Normal;256;2;2;10,03;709,65;09/07/2025;10/07/2025;1
50042;03/07/2026;10013;20028;4;Tienda;Transnova;Normal;356;3;7;11,41;290,4;06/07/2026;06/07/2026;0
50043;30/04/2025;10253;20070;5;App;Rapidex;Normal;391;2;34;13,05;1710,9;02/05/2025;06/05/2025;1
50044;03/05/2025;10235;20049;5;App;Rapidex;Normal;462;1;11;11,5;666,1;04/05/2025;06/05/2025;1
50045;27/09/2025;10057;20060;4;Web;Blueship;Normal;226;5;10;12,01;598,2;02/10/2025;02/10/2025;0
50046;13/05/2026;10058;20052;4;App;Gopack;Normal;50;2;24;5,31;263,44;15/05/2026;15/05/2026;0
50047;10/01/2025;10258;20036;4;Tienda;Transnova;Alta;383;2;13;9,81;992,8;12/01/2025;12/01/2025;0
50048;08/02/2025;10106;20029;2;Web;Rapidex;Normal;290;1;16;6,94;89,5;09/02/2025;09/02/2025;0
50049;02/02/2025;10007;20063;2;Web;Blueship;Normal;76;1;4;6,81;473,1;03/02/2025;06/02/2025;1
50050;01/06/2025;10041;20002;5;Tienda;Blueship;Normal;357;4;12;8,38;502,3;05/06/2025;07/06/2025;1
50051;14/04/2025;10085;20045;3;Tienda;Transnova;Normal;582;5;30;15,16;854,58;19/04/2025;19/04/2025;0
50052;20/07/2025;10168;20065;5;Web;Blueship;Normal;143;1;1;11,07;728,1;21/07/2025;23/07/2025;1
50053;15/01/2026;10244;20066;2;Web;Rapidex;Normal;263;1;28;8,1;631,98;16/01/2026;16/01/2026;0
50054;06/11/2025;10047;20048;5;Web;Transnova;Normal;79;1;1;5,9;1198,7;07/11/2025;07/11/2025;0
50055;28/04/2025;10135;20055;1;Tienda;Rapidex;Alta;232;2;12;9,65;384,25;30/04/2025;30/04/2025;0
50056;25/08/2025;10095;20060;2;Tienda;Blueship;Normal;682;1;14;9,82;299,1;26/08/2025;29/08/2025;1
50057;04/08/2025;10130;20010;5;Web;Blueship;Normal;54;3;9;8,83;905,75;07/08/2025;07/08/2025;0
50058;17/11/2025;10087;20039;3;Web;Gopack;Alta;369;3;2;8,02;295,5;20/11/2025;26/11/2025;1
50059;05/05/2025;10194;20001;5;Tienda;Rapidex;Normal;498;3;24;15,38;1030,8;08/05/2025;08/05/2025;0
50060;01/03/2025;10161;20026;1;Web;Blueship;Normal;564;2;17;11,99;57,81;03/03/2025;07/03/2025;1
50061;18/05/2026;10182;20017;2;App;Rapidex;Normal;522;3;20;9,72;90,52;21/05/2026;22/05/2026;1
50062;20/11/2025;10094;20011;1;App;Rapidex;Normal;523;1;22;6;331,2;21/11/2025;26/11/2025;1
50063;16/06/2025;10076;20056;2;Tienda;Blueship;Normal;491;2;21;9,7;183,94;18/06/2025;19/06/2025;1
50064;16/11/2025;10033;20003;2;App;Blueship;Normal;529;3;31;7,89;510,84;19/11/2025;24/11/2025;1
50065;31/07/2025;10238;20040;2;Web;Gopack;Normal;5;3;7;6,41;409,54;03/08/2025;03/08/2025;0
50066;11/10/2025;10117;20069;2;App;Rapidex;Normal;442;3;0;9,13;592,18;14/10/2025;20/10/2025;1
50067;19/03/2026;10040;20040;3;Web;Transnova;Normal;460;3;19;11,36;614,31;22/03/2026;25/03/2026;1
50068;28/08/2025;10181;20074;2;App;Blueship;Normal;514;2;26;8,01;525,48;30/08/2025;30/08/2025;0
50069;24/02/2025;10217;20054;2;App;Rapidex;Normal;352;2;32;8,06;179,12;26/02/2025;01/03/2025;1
50070;17/10/2025;10114;20046;4;App;Transnova;Alta;316;4;16;11,44;552,04;21/10/2025;21/10/2025;0
50071;30/04/2026;10035;20071;5;Web;Rapidex;Normal;636;5;19;15,72;1469,05;05/05/2026;11/05/2026;1
50072;07/07/2025;10085;20027;1;Web;Transnova;Normal;276;2;33;8,47;114,02;09/07/2025;10/07/2025;1
50073;03/02/2026;10073;20033;4;App;Rapidex;Normal;390;3;37;11,1;644,84;06/02/2026;08/02/2026;1
50074;18/06/2026;10250;20029;2;Tienda;Gopack;Normal;434;2;37;7,96;89,5;20/06/2026;22/06/2026;1
50075;27/05/2025;10034;20034;3;Web;Blueship;Normal;337;3;11;10,62;770,46;30/05/2025;30/05/2025;0
50076;23/12/2025;10015;20025;5;App;Rapidex;Normal;318;3;30;12,03;1609,95;26/12/2025;26/12/2025;0
50077;17/12/2025;10048;20029;3;Tienda;Gopack;Normal;7;4;31;6,55;134,25;21/12/2025;21/12/2025;0
50078;30/05/2025;10241;20072;4;Web;Rapidex;Normal;125;4;10;7,15;1053,72;03/06/2025;03/06/2025;0
50079;07/06/2025;10059;20041;5;Tienda;Rapidex;Normal;542;4;10;12,05;310,85;11/06/2025;16/06/2025;1
50080;04/10/2025;10257;20011;5;Tienda;Rapidex;Alta;120;3;13;7,94;1656;07/10/2025;07/10/2025;0
50081;02/12/2025;10070;20044;5;Tienda;Rapidex;Normal;527;2;26;13,79;440,1;04/12/2025;06/12/2025;1
50082;25/10/2025;10015;20026;1;Web;Gopack;Normal;329;5;37;8,03;57,81;30/10/2025;30/10/2025;0
50083;01/09/2025;10065;20036;5;Web;Blueship;Normal;335;4;0;11,5;1241;05/09/2025;07/09/2025;1
50084;28/10/2025;10043;20042;1;Web;Rapidex;Normal;235;2;15;5,76;188,41;30/10/2025;04/11/2025;1
50085;23/07/2025;10065;20005;3;Web;Rapidex;Normal;95;4;0;6,93;583,8;27/07/2025;27/07/2025;0
50086;13/09/2025;10141;20036;4;Tienda;Blueship;Normal;767;4;0;12,8;992,8;17/09/2025;23/09/2025;1
50087;08/07/2025;10084;20009;3;Web;Blueship;Normal;161;4;7;6,19;1182,09;12/07/2025;12/07/2025;0
50088;24/05/2026;10236;20075;3;Web;Rapidex;Normal;616;1;27;11,98;556,02;25/05/2026;30/05/2026;1
50089;17/06/2025;10240;20020;1;Tienda;Transnova;Normal;498;2;26;8,58;274,51;19/06/2025;21/06/2025;1
50090;23/08/2025;10259;20036;5;App;Transnova;Normal;157;4;22;2,5;1241;27/08/2025;27/08/2025;0
50091;15/02/2025;10171;20016;2;App;Rapidex;Alta;222;4;18;6,95;23,02;19/02/2025;19/02/2025;0
50092;25/04/2025;10130;20007;1;Web;Gopack;Normal;178;1;16;7,91;121,97;26/04/2025;26/04/2025;0
50093;02/09/2025;10189;20036;1;App;Blueship;Normal;590;4;14;12,51;248,2;06/09/2025;09/09/2025;1
50094;17/02/2025;10113;20060;3;App;Rapidex;Normal;418;1;35;13,75;448,65;18/02/2025;18/02/2025;0
50095;05/07/2025;10122;20047;1;Web;Transnova;Normal;9;4;0;2,5;282,41;09/07/2025;09/07/2025;0
50096;10/04/2026;10007;20066;1;Web;Blueship;Normal;467;1;4;10,5;315,99;11/04/2026;15/04/2026;1
50097;12/10/2025;10116;20054;4;Tienda;Transnova;Normal;294;2;36;9,93;358,24;14/10/2025;18/10/2025;1
50098;20/03/2026;10115;20041;2;Tienda;Blueship;Alta;465;5;0;14,18;124,34;25/03/2026;31/03/2026;1
50099;15/11/2025;10002;20037;5;Web;Blueship;Alta;491;3;18;15,09;2058,85;18/11/2025;22/11/2025;1
50100;10/04/2025;10084;20037;3;App;Gopack;Normal;761;1;7;21,1;1235,31;11/04/2025;15/04/2025;1
50101;14/04/2026;10038;20036;1;Tienda;Rapidex;Normal;271;3;36;3,43;248,2;17/04/2026;17/04/2026;0
50102;08/08/2025;10049;20018;3;Web;Rapidex;Normal;398;1;16;11,33;428,04;09/08/2025;09/08/2025;0
50103;22/04/2026;10011;20059;5;Web;Gopack;Normal;232;5;9;7,1;1163,5;27/04/2026;27/04/2026;0
50104;26/10/2025;10076;20019;1;Web;Transnova;Normal;188;4;21;8,93;342,13;30/10/2025;30/10/2025;0
50105;10/02/2025;10133;20017;2;Tienda;Rapidex;Normal;420;3;31;7,29;90,52;13/02/2025;14/02/2025;1
50106;15/04/2025;10203;20006;5;Web;Transnova;Normal;158;5;14;10,85;243,3;20/04/2025;20/04/2025;0
50107;19/10/2025;10098;20065;3;Web;Gopack;Normal;127;2;12;2,5;436,86;21/10/2025;21/10/2025;0
50108;05/09/2025;10108;20067;2;App;Rapidex;Normal;386;2;16;8,92;729,22;07/09/2025;12/09/2025;1
50109;01/01/2026;10208;20006;2;App;Transnova;Normal;574;5;13;13,55;97,32;06/01/2026;08/01/2026;1
50110;29/07/2025;10156;20024;3;App;Transnova;Normal;583;4;16;14,4;622,5;02/08/2025;03/08/2025;1
50111;25/06/2025;10132;20030;2;App;Blueship;Normal;297;4;24;6,33;604,88;29/06/2025;05/07/2025;1
50112;12/02/2026;10085;20020;2;Web;Transnova;Normal;333;5;23;11,19;549,02;17/02/2026;22/02/2026;1
50113;07/02/2026;10253;20057;5;Tienda;Transnova;Normal;449;2;22;13,99;1162,05;09/02/2026;11/02/2026;1
50114;25/11/2025;10013;20010;3;App;Gopack;Normal;67;4;10;10,28;543,45;29/11/2025;29/11/2025;0
50115;07/07/2025;10140;20060;3;Tienda;Gopack;Normal;5;1;9;3,08;448,65;08/07/2025;08/07/2025;0
50116;15/01/2026;10035;20060;5;App;Blueship;Normal;155;2;11;10,06;747,75;17/01/2026;17/01/2026;0
50117;24/05/2025;10141;20032;2;Tienda;Transnova;Normal;80;5;12;6,17;290,74;29/05/2025;30/05/2025;1
50118;01/12/2025;10150;20045;4;Web;Rapidex;Normal;581;4;20;11,17;1139,44;05/12/2025;11/12/2025;1
50119;17/04/2025;10134;20055;4;Web;Transnova;Normal;329;3;14;9,19;1537;20/04/2025;20/04/2025;0
50120;24/04/2026;10056;20041;4;Tienda;Gopack;Normal;113;3;9;7,61;248,68;27/04/2026;27/04/2026;0
50121;14/03/2025;10054;20010;2;Web;Blueship;Alta;5;5;29;5,92;362,3;19/03/2025;19/03/2025;0
50122;11/06/2026;10041;20038;4;App;Transnova;Normal;111;2;16;8,67;521,76;13/06/2026;13/06/2026;0
50123;05/06/2026;10258;20050;2;Tienda;Gopack;Normal;336;2;27;10,14;658,68;07/06/2026;12/06/2026;1
50124;12/08/2025;10236;20030;4;App;Rapidex;Normal;341;5;6;10,67;1209,76;17/08/2025;17/08/2025;0
50125;22/09/2025;10223;20017;5;App;Transnova;Normal;5;2;34;4,72;226,3;24/09/2025;24/09/2025;0
50126;01/06/2026;10167;20004;5;Tienda;Gopack;Normal;173;3;21;6,36;1869,6;04/06/2026;04/06/2026;0
50127;24/09/2025;10238;20062;5;App;Gopack;Alta;218;2;22;10,84;715,95;26/09/2025;26/09/2025;0
50128;07/01/2026;10193;20003;3;Web;Rapidex;Normal;5;2;13;6,92;766,26;09/01/2026;09/01/2026;0
50129;15/05/2026;10238;20026;2;Tienda;Gopack;Normal;410;2;1;12,61;115,62;17/05/2026;23/05/2026;1
50130;08/01/2025;10017;20009;5;Web;Blueship;Normal;271;4;16;13,69;1970,15;12/01/2025;12/01/2025;0
50131;04/03/2026;10127;20054;4;Tienda;Transnova;Normal;232;1;31;6,08;358,24;05/03/2026;05/03/2026;0
50132;09/06/2025;10040;20058;3;Web;Gopack;Normal;354;4;11;12,08;323,07;13/06/2025;13/06/2025;0
50133;29/03/2025;10189;20011;4;Web;Transnova;Normal;204;1;29;8,21;1324,8;30/03/2025;31/03/2025;1
50134;04/05/2025;10125;20074;3;Tienda;Rapidex;Normal;809;2;25;17,59;788,22;06/05/2025;10/05/2025;1
50135;09/12/2025;10012;20068;5;App;Transnova;Normal;263;3;20;10,66;646,95;12/12/2025;18/12/2025;1
50136;17/05/2026;10208;20020;5;Tienda;Transnova;Alta;373;3;5;13,37;1372,55;20/05/2026;20/05/2026;0
50137;18/02/2026;10241;20010;4;App;Rapidex;Normal;395;2;7;9,68;724,6;20/02/2026;21/02/2026;1
50138;10/05/2026;10183;20043;5;App;Transnova;Normal;937;1;8;17,49;327,55;11/05/2026;15/05/2026;1
50139;26/07/2025;10172;20024;3;App;Gopack;Normal;936;4;1;17,63;622,5;30/07/2025;01/08/2025;1
50140;14/02/2026;10160;20003;5;App;Transnova;Alta;180;5;5;11,61;1277,1;19/02/2026;19/02/2026;0
50141;21/01/2026;10165;20045;5;App;Transnova;Normal;147;2;30;7,65;1424,3;23/01/2026;23/01/2026;0
50142;12/08/2025;10074;20065;3;Web;Gopack;Normal;515;3;39;15,46;436,86;15/08/2025;17/08/2025;1
50143;24/01/2026;10187;20016;5;Tienda;Transnova;Alta;151;3;17;8,95;57,55;27/01/2026;29/01/2026;1
50144;27/08/2025;10058;20033;2;App;Blueship;Normal;380;5;0;9,65;322,42;01/09/2025;01/09/2025;0
50145;05/06/2025;10015;20048;3;App;Blueship;Normal;456;3;0;11,39;719,22;08/06/2025;08/06/2025;0
50146;23/01/2025;10098;20049;3;Tienda;Gopack;Normal;416;1;10;9,89;399,66;24/01/2025;24/01/2025;0
50147;15/02/2025;10076;20034;3;Tienda;Blueship;Normal;372;5;15;11,43;770,46;20/02/2025;20/02/2025;0
50148;17/06/2026;10133;20051;2;Tienda;Transnova;Normal;284;2;29;8,63;657,46;19/06/2026;20/06/2026;1
50149;24/04/2025;10111;20063;1;Tienda;Gopack;Normal;716;4;18;9,95;236,55;28/04/2025;30/04/2025;1
50150;28/08/2025;10075;20065;5;Web;Transnova;Normal;477;1;17;15,54;728,1;29/08/2025;29/08/2025;0
50151;09/01/2025;10122;20069;1;Web;Gopack;Alta;383;2;8;5,41;296,09;11/01/2025;16/01/2025;1
50152;19/04/2026;10185;20051;4;Tienda;Gopack;Alta;118;4;23;8,16;1314,92;23/04/2026;23/04/2026;0
50153;10/12/2025;10003;20017;2;Tienda;Rapidex;Normal;391;2;40;8,98;90,52;12/12/2025;12/12/2025;0
50154;05/07/2025;10029;20059;5;Web;Blueship;Normal;82;4;22;12,18;1163,5;09/07/2025;10/07/2025;1
50155;03/01/2025;10064;20014;1;Tienda;Gopack;Normal;606;5;0;10,35;406,94;08/01/2025;13/01/2025;1
50156;25/08/2025;10153;20056;4;Web;Blueship;Normal;247;3;18;10,64;367,88;28/08/2025;31/08/2025;1
50157;10/06/2025;10183;20002;2;Tienda;Rapidex;Normal;446;2;17;9,69;200,92;12/06/2025;14/06/2025;1
50158;11/01/2026;10110;20024;3;Tienda;Transnova;Alta;58;1;13;4,32;622,5;12/01/2026;17/01/2026;1
50159;09/11/2025;10218;20042;4;App;Rapidex;Alta;410;4;24;12,57;753,64;13/11/2025;15/11/2025;1
50160;03/08/2025;10084;20028;4;App;Blueship;Alta;133;3;0;12,17;290,4;06/08/2025;06/08/2025;0
50161;13/04/2025;10243;20039;3;App;Gopack;Normal;5;5;22;4,89;295,5;18/04/2025;18/04/2025;0
50162;09/10/2025;10227;20071;2;App;Rapidex;Normal;159;3;13;6,64;587,62;12/10/2025;12/10/2025;0
50163;05/01/2025;10238;20036;1;Tienda;Transnova;Normal;429;1;23;6,79;248,2;06/01/2025;12/01/2025;1
50164;05/10/2025;10096;20053;2;Web;Blueship;Normal;5;1;8;4,2;725,86;06/10/2025;06/10/2025;0
50165;19/04/2025;10022;20063;3;Tienda;Rapidex;Normal;156;2;25;6,45;709,65;21/04/2025;21/04/2025;0
50166;29/01/2025;10176;20072;4;App;Transnova;Normal;490;4;14;16,9;1053,72;02/02/2025;02/02/2025;0
50167;04/05/2025;10103;20035;5;App;Blueship;Alta;286;1;25;9,45;1057,35;05/05/2025;05/05/2025;0
50168;29/06/2026;10194;20024;5;Tienda;Rapidex;Alta;352;2;35;12,83;1037,5;01/07/2026;01/07/2026;0
50169;20/01/2025;10083;20020;1;Web;Rapidex;Normal;400;5;5;12,47;274,51;25/01/2025;26/01/2025;1
50170;27/02/2025;10239;20042;2;Web;Transnova;Alta;406;5;20;9,32;376,82;04/03/2025;05/03/2025;1
50171;23/10/2025;10064;20072;2;Web;Gopack;Alta;96;2;22;6,63;526,86;25/10/2025;25/10/2025;0
50172;19/09/2025;10045;20041;3;Web;Rapidex;Normal;543;5;16;14,03;186,51;24/09/2025;24/09/2025;0
50173;19/01/2025;10107;20033;4;App;Transnova;Normal;130;2;19;7,59;644,84;21/01/2025;23/01/2025;1
50174;13/04/2025;10209;20033;4;App;Transnova;Normal;206;3;8;7,65;644,84;16/04/2025;16/04/2025;0
50175;19/03/2026;10110;20020;3;Tienda;Gopack;Normal;446;2;19;8,67;823,53;21/03/2026;23/03/2026;1
50176;03/01/2025;10165;20011;3;App;Rapidex;Normal;38;3;33;5,45;993,6;06/01/2025;06/01/2025;0
50177;11/05/2026;10119;20012;3;App;Transnova;Normal;156;3;17;7,66;83,04;14/05/2026;14/05/2026;0
50178;06/05/2026;10086;20021;4;Tienda;Gopack;Alta;315;1;10;10,68;576,6;07/05/2026;10/05/2026;1
50179;05/06/2026;10127;20027;1;Tienda;Blueship;Normal;354;4;15;6,67;114,02;09/06/2026;09/06/2026;0
50180;11/11/2025;10074;20013;5;Web;Blueship;Normal;307;3;17;10,74;288,45;14/11/2025;14/11/2025;0
50181;27/02/2026;10255;20033;3;Web;Rapidex;Alta;422;2;23;13,09;483,63;01/03/2026;01/03/2026;0
50182;29/07/2025;10237;20033;3;Web;Blueship;Alta;493;5;38;11,7;483,63;03/08/2025;03/08/2025;0
50183;29/07/2025;10007;20050;5;Tienda;Rapidex;Normal;574;1;4;15,46;1646,7;30/07/2025;03/08/2025;1
50184;05/10/2025;10018;20040;1;Tienda;Rapidex;Normal;379;1;16;8,77;204,77;06/10/2025;12/10/2025;1
50185;29/03/2025;10135;20035;3;Web;Rapidex;Normal;626;1;19;10,07;634,41;30/03/2025;02/04/2025;1
50186;04/03/2026;10026;20075;5;Web;Rapidex;Normal;305;3;20;10,01;926,7;07/03/2026;07/03/2026;0
50187;15/03/2025;10116;20038;2;Tienda;Transnova;Normal;272;3;17;8,04;260,88;18/03/2025;18/03/2025;0
50188;02/01/2026;10093;20013;1;App;Blueship;Normal;5;5;17;6,72;57,69;07/01/2026;07/01/2026;0
50189;08/05/2025;10066;20029;4;App;Gopack;Normal;318;1;18;11,04;179;09/05/2025;09/05/2025;0
50190;17/02/2026;10127;20005;4;Tienda;Rapidex;Normal;565;2;12;12,61;778,4;19/02/2026;22/02/2026;1
50191;01/07/2025;10223;20028;4;App;Blueship;Alta;105;1;2;9,34;290,4;02/07/2025;06/07/2025;1
50192;16/04/2026;10226;20034;4;Tienda;Blueship;Alta;550;2;50;12,82;1027,28;18/04/2026;23/04/2026;1
50193;23/03/2025;10134;20071;5;Tienda;Rapidex;Normal;5;2;21;6,17;1469,05;25/03/2025;25/03/2025;0
50194;16/01/2025;10105;20074;4;Web;Gopack;Normal;5;4;16;8,18;1050,96;20/01/2025;20/01/2025;0
50195;23/05/2026;10184;20023;4;Tienda;Rapidex;Normal;61;2;12;10,61;1266;25/05/2026;25/05/2026;0
50196;13/02/2026;10090;20006;2;Tienda;Blueship;Normal;159;3;4;6,88;97,32;16/02/2026;16/02/2026;0
50197;22/12/2025;10028;20069;5;Tienda;Transnova;Normal;266;4;30;13,58;1480,45;26/12/2025;31/12/2025;1
50198;29/06/2026;10091;20001;2;Web;Gopack;Normal;516;2;30;13,32;412,32;01/07/2026;03/07/2026;1
50199;15/10/2025;10090;20060;2;Tienda;Gopack;Alta;140;2;19;6,31;299,1;17/10/2025;18/10/2025;1
50200;26/05/2025;10200;20003;4;Web;Blueship;Alta;492;3;6;13,42;1021,68;29/05/2025;30/05/2025;1
50201;29/06/2025;10047;20012;2;App;Gopack;Normal;283;5;27;7,89;55,36;04/07/2025;04/07/2025;0
50202;24/12/2025;10106;20068;4;Web;Transnova;Normal;22;1;23;5,67;517,56;25/12/2025;25/12/2025;0
50203;19/08/2025;10136;20048;2;Tienda;Transnova;Normal;434;3;26;8,63;479,48;22/08/2025;28/08/2025;1
50204;08/05/2025;10057;20075;3;Tienda;Gopack;Normal;378;3;30;10,72;556,02;11/05/2025;15/05/2025;1
50205;28/01/2026;10182;20057;5;Web;Gopack;Normal;239;1;13;9,74;1162,05;29/01/2026;29/01/2026;0
50206;03/03/2025;10171;20073;4;Web;Rapidex;Normal;5;3;17;5,31;1493,8;06/03/2025;12/03/2025;1
50207;06/12/2025;10047;20032;1;Tienda;Gopack;Alta;130;2;13;5,88;145,37;08/12/2025;08/12/2025;0
50208;25/03/2026;10176;20066;5;App;Transnova;Normal;343;1;8;9,78;1579,95;26/03/2026;30/03/2026;1
50209;26/09/2025;10166;20044;4;Web;Transnova;Normal;310;2;21;15,43;352,08;28/09/2025;30/09/2025;1
50210;17/05/2026;10250;20011;3;App;Rapidex;Alta;5;1;15;7;993,6;18/05/2026;24/05/2026;1
50211;10/03/2026;10081;20075;4;App;Blueship;Normal;487;2;14;12,38;741,36;12/03/2026;12/03/2026;0
50212;17/06/2026;10095;20041;1;Tienda;Blueship;Normal;175;4;7;9,18;62,17;21/06/2026;21/06/2026;0
50213;18/02/2026;10174;20022;5;App;Transnova;Normal;456;3;19;12,08;698,15;21/02/2026;27/02/2026;1
50214;07/06/2025;10240;20066;5;App;Rapidex;Normal;166;2;4;5,83;1579,95;09/06/2025;09/06/2025;0
50215;02/02/2025;10090;20036;1;Web;Gopack;Normal;201;3;20;8,28;248,2;05/02/2025;05/02/2025;0
50216;11/07/2025;10017;20075;1;Tienda;Transnova;Normal;399;2;21;10,52;185,34;13/07/2025;13/07/2025;0
50217;05/06/2026;10244;20007;4;App;Transnova;Alta;331;2;0;9,25;487,88;07/06/2026;08/06/2026;1
50218;30/05/2026;10229;20060;5;Web;Gopack;Normal;407;2;12;7,03;747,75;01/06/2026;06/06/2026;1
50219;23/03/2025;10063;20044;4;Web;Transnova;Normal;289;4;7;9,97;352,08;27/03/2025;27/03/2025;0
50220;03/05/2025;10063;20053;4;Tienda;Transnova;Normal;633;1;20;12,31;1451,72;04/05/2025;04/05/2025;0
50221;14/10/2025;10067;20021;4;Tienda;Gopack;Normal;169;5;6;13,94;576,6;19/10/2025;19/10/2025;0
50222;27/12/2025;10192;20024;4;Web;Transnova;Normal;354;4;28;8,65;830;31/12/2025;31/12/2025;0
50223;15/07/2025;10241;20021;4;Tienda;Blueship;Normal;543;5;29;12,61;576,6;20/07/2025;22/07/2025;1
50224;27/12/2025;10107;20058;5;Tienda;Gopack;Normal;5;4;25;8,49;538,45;31/12/2025;31/12/2025;0
50225;03/01/2025;10140;20062;3;Web;Rapidex;Normal;139;2;28;5,96;429,57;05/01/2025;05/01/2025;0
50226;28/09/2025;10115;20042;5;Tienda;Transnova;Normal;569;4;11;11,2;942,05;02/10/2025;08/10/2025;1
50227;07/12/2025;10012;20043;1;Tienda;Transnova;Normal;603;4;10;8,8;65,51;11/12/2025;17/12/2025;1
50228;11/08/2025;10030;20046;1;Tienda;Rapidex;Alta;91;3;31;3,89;138,01;14/08/2025;14/08/2025;0
50229;12/04/2026;10049;20023;2;App;Transnova;Alta;138;1;36;4,54;633;13/04/2026;15/04/2026;1
50230;17/05/2025;10096;20046;2;Tienda;Blueship;Normal;432;4;9;13,27;276,02;21/05/2025;26/05/2025;1
50231;20/11/2025;10222;20010;4;Web;Gopack;Normal;308;5;29;11,78;724,6;25/11/2025;25/11/2025;0
50232;03/03/2026;10029;20026;1;App;Rapidex;Normal;5;1;29;3,6;57,81;04/03/2026;04/03/2026;0
50233;04/05/2026;10042;20063;4;App;Gopack;Alta;626;1;31;12,05;946,2;05/05/2026;05/05/2026;0
50234;22/02/2026;10181;20024;4;App;Gopack;Alta;138;1;32;6,6;830;23/02/2026;27/02/2026;1
50235;04/11/2025;10040;20002;3;App;Transnova;Normal;378;3;26;8,24;301,38;07/11/2025;13/11/2025;1
50236;02/08/2025;10223;20043;4;Web;Transnova;Normal;352;4;29;14,1;262,04;06/08/2025;08/08/2025;1
50237;07/11/2025;10080;20023;1;App;Rapidex;Alta;610;4;20;11,71;316,5;11/11/2025;11/11/2025;0
50238;27/06/2025;10016;20027;2;App;Rapidex;Normal;54;5;42;9,05;228,04;02/07/2025;02/07/2025;0
50239;01/12/2025;10157;20065;3;Web;Blueship;Normal;425;5;18;10,07;436,86;06/12/2025;06/12/2025;0
50240;08/02/2025;10005;20007;2;App;Rapidex;Normal;268;3;4;8,82;243,94;11/02/2025;11/02/2025;0
50241;25/03/2025;10134;20057;5;Web;Blueship;Normal;231;5;8;9,83;1162,05;30/03/2025;02/04/2025;1
50242;14/03/2026;10251;20010;5;App;Blueship;Normal;234;2;15;11,38;905,75;16/03/2026;19/03/2026;1
50243;29/05/2025;10233;20028;4;Web;Blueship;Normal;410;3;8;12,66;290,4;01/06/2025;01/06/2025;0
50244;05/05/2026;10143;20046;1;Tienda;Gopack;Alta;212;5;21;8,76;138,01;10/05/2026;10/05/2026;0
50245;23/02/2026;10021;20052;2;Web;Transnova;Normal;629;4;20;13,57;131,72;27/02/2026;28/02/2026;1
50246;30/08/2025;10018;20056;4;Web;Rapidex;Normal;225;2;20;9,24;367,88;01/09/2025;04/09/2025;1
50247;16/02/2026;10120;20050;3;Web;Blueship;Alta;423;3;23;12,57;988,02;19/02/2026;20/02/2026;1
50248;07/12/2025;10034;20064;1;Web;Rapidex;Alta;363;3;10;6,77;393,14;10/12/2025;14/12/2025;1
50249;14/07/2025;10176;20068;4;Web;Transnova;Normal;346;5;17;10,3;517,56;19/07/2025;19/07/2025;0
50250;22/01/2026;10104;20026;1;App;Transnova;Normal;288;3;17;4,17;57,81;25/01/2026;25/01/2026;0
50251;04/12/2025;10206;20072;3;Web;Blueship;Normal;435;3;18;8,91;790,29;07/12/2025;07/12/2025;0
50252;03/05/2026;10170;20009;4;Tienda;Gopack;Normal;502;3;16;11,72;1576,12;06/05/2026;06/05/2026;0
50253;03/10/2025;10232;20011;1;Web;Gopack;Normal;154;2;26;5,04;331,2;05/10/2025;05/10/2025;0
50254;08/08/2025;10005;20002;5;App;Blueship;Normal;637;3;22;12,22;502,3;11/08/2025;12/08/2025;1
50255;16/09/2025;10090;20031;1;Web;Transnova;Normal;477;1;18;11,74;34,12;17/09/2025;18/09/2025;1
50256;04/04/2025;10050;20056;5;App;Transnova;Normal;201;5;32;9,43;459,85;09/04/2025;09/04/2025;0
50257;25/01/2026;10247;20010;1;Tienda;Blueship;Normal;383;4;35;7,08;181,15;29/01/2026;03/02/2026;1
50258;30/03/2025;10209;20019;1;Tienda;Transnova;Normal;377;4;12;8,02;342,13;03/04/2025;04/04/2025;1
50259;18/06/2025;10157;20020;1;Web;Transnova;Normal;348;4;18;6,77;274,51;22/06/2025;22/06/2025;0
50260;14/01/2026;10225;20052;1;Tienda;Rapidex;Normal;240;1;10;4,99;65,86;15/01/2026;15/01/2026;0
50261;06/02/2026;10050;20045;4;Tienda;Blueship;Alta;94;4;16;7,5;1139,44;10/02/2026;11/02/2026;1
50262;27/02/2026;10086;20012;5;App;Rapidex;Normal;219;1;3;13,55;138,4;28/02/2026;02/03/2026;1
50263;27/03/2026;10146;20016;3;Web;Transnova;Normal;5;3;40;7,56;34,53;30/03/2026;30/03/2026;0
50264;19/02/2026;10163;20023;5;Web;Rapidex;Normal;368;5;7;12,72;1582,5;24/02/2026;24/02/2026;0
50265;30/05/2026;10213;20067;4;Tienda;Gopack;Normal;292;5;24;12,06;1458,44;04/06/2026;05/06/2026;1
50266;12/01/2026;10029;20054;3;Tienda;Gopack;Normal;198;5;26;9,3;268,68;17/01/2026;17/01/2026;0
50267;23/04/2026;10193;20070;3;Web;Transnova;Normal;373;3;17;13,1;1026,54;26/04/2026;01/05/2026;1
50268;12/03/2026;10237;20071;5;App;Rapidex;Normal;5;5;14;3,86;1469,05;17/03/2026;17/03/2026;0
50269;14/06/2026;10179;20068;5;App;Rapidex;Normal;168;2;31;7,45;646,95;16/06/2026;16/06/2026;0
50270;05/08/2025;10071;20014;4;App;Gopack;Normal;473;1;2;14,76;1627,76;06/08/2025;07/08/2025;1
50271;14/12/2025;10165;20030;5;App;Gopack;Normal;285;5;16;8,68;1512,2;19/12/2025;19/12/2025;0
50272;30/03/2025;10162;20029;3;App;Rapidex;Alta;192;3;22;6,47;134,25;02/04/2025;02/04/2025;0
50273;12/09/2025;10211;20036;5;App;Gopack;Normal;375;4;26;13,63;1241;16/09/2025;16/09/2025;0
50274;30/10/2025;10091;20071;3;Web;Transnova;Normal;68;5;26;8,05;881,43;04/11/2025;04/11/2025;0
50275;08/11/2025;10174;20017;5;Tienda;Blueship;Normal;539;1;8;14,48;226,3;09/11/2025;12/11/2025;1
50276;02/07/2025;10260;20051;3;Tienda;Rapidex;Normal;209;1;12;8,77;986,19;03/07/2025;09/07/2025;1
50277;21/08/2025;10078;20074;1;Web;Transnova;Normal;5;1;5;2,5;262,74;22/08/2025;22/08/2025;0
50278;07/12/2025;10210;20070;5;Tienda;Blueship;Normal;269;1;10;9,62;1710,9;08/12/2025;10/12/2025;1
50279;20/02/2025;10116;20033;4;Tienda;Blueship;Normal;150;2;15;10,12;644,84;22/02/2025;22/02/2025;0
50280;08/07/2025;10216;20014;1;App;Transnova;Normal;174;5;22;6,96;406,94;13/07/2025;14/07/2025;1
50281;04/11/2025;10190;20052;1;Web;Transnova;Normal;284;1;6;8,23;65,86;05/11/2025;06/11/2025;1
50282;17/06/2025;10163;20029;2;App;Transnova;Normal;5;2;5;3,9;89,5;19/06/2025;19/06/2025;0
50283;21/05/2026;10062;20029;5;Tienda;Transnova;Normal;183;3;7;7,26;223,75;24/05/2026;30/05/2026;1
50284;02/03/2025;10207;20039;2;Tienda;Blueship;Normal;590;2;11;14,64;197;04/03/2025;10/03/2025;1
50285;18/01/2026;10230;20037;4;Tienda;Transnova;Normal;824;2;21;16,98;1647,08;20/01/2026;21/01/2026;1
50286;18/01/2025;10141;20052;1;App;Rapidex;Normal;296;1;16;6,12;65,86;19/01/2025;19/01/2025;0
50287;08/05/2025;10232;20008;3;Web;Rapidex;Normal;407;3;15;12,49;706,38;11/05/2025;12/05/2025;1
50288;11/11/2025;10237;20040;1;Web;Blueship;Normal;528;4;16;10,91;204,77;15/11/2025;15/11/2025;0
50289;12/04/2025;10020;20072;3;Web;Blueship;Normal;5;3;20;9,03;790,29;15/04/2025;15/04/2025;0
50290;07/03/2026;10049;20048;4;App;Gopack;Normal;442;1;21;11,09;958,96;08/03/2026;10/03/2026;1
50291;01/06/2026;10089;20068;1;App;Transnova;Alta;723;5;15;13,77;129,39;06/06/2026;10/06/2026;1
50292;10/03/2026;10032;20051;2;Tienda;Gopack;Normal;406;4;4;10,51;657,46;14/03/2026;14/03/2026;0
50293;25/02/2026;10216;20037;1;App;Gopack;Normal;399;3;43;10,12;411,77;28/02/2026;01/03/2026;1
50294;24/07/2025;10187;20035;2;Web;Blueship;Alta;221;5;22;11,66;422,94;29/07/2025;02/08/2025;1
50295;25/06/2026;10082;20008;2;App;Blueship;Normal;5;1;8;2,5;470,92;26/06/2026;27/06/2026;1
50296;27/07/2025;10100;20034;1;Tienda;Transnova;Normal;274;4;18;4,53;256,82;31/07/2025;02/08/2025;1
50297;24/01/2025;10131;20032;5;App;Transnova;Normal;5;4;40;5,19;726,85;28/01/2025;28/01/2025;0
50298;09/07/2025;10072;20059;2;Tienda;Transnova;Normal;733;2;12;13,49;465,4;11/07/2025;16/07/2025;1
50299;17/11/2025;10074;20023;1;Web;Gopack;Normal;196;5;2;11,07;316,5;22/11/2025;22/11/2025;0
50300;11/03/2025;10035;20031;5;Tienda;Transnova;Normal;460;4;9;14,08;170,6;15/03/2025;16/03/2025;1
50301;20/01/2025;10002;20070;3;App;Rapidex;Normal;319;1;28;9,33;1026,54;21/01/2025;21/01/2025;0
50302;20/05/2026;10006;20059;4;App;Blueship;Normal;280;4;27;11,35;930,8;24/05/2026;24/05/2026;0
50303;04/02/2026;10004;20016;3;App;Transnova;Normal;274;4;21;8,64;34,53;08/02/2026;11/02/2026;1
50304;20/04/2025;10012;20063;4;Tienda;Gopack;Alta;104;2;3;8,5;946,2;22/04/2025;22/04/2025;0
50305;01/05/2026;10194;20021;4;Web;Gopack;Normal;253;2;10;9,84;576,6;03/05/2026;03/05/2026;0
50306;01/10/2025;10089;20005;5;Tienda;Transnova;Normal;57;4;22;4,31;973;05/10/2025;05/10/2025;0
50307;28/01/2025;10167;20011;4;App;Gopack;Normal;816;3;18;22,55;1324,8;31/01/2025;04/02/2025;1
50308;11/09/2025;10134;20063;4;Web;Gopack;Normal;471;5;6;12,53;946,2;16/09/2025;16/09/2025;0
50309;14/03/2025;10198;20001;2;App;Transnova;Alta;320;5;22;6,45;412,32;19/03/2025;19/03/2025;0
50310;17/01/2025;10065;20058;4;Web;Blueship;Normal;281;1;18;11,14;430,76;18/01/2025;19/01/2025;1
50311;16/12/2025;10009;20016;2;Web;Blueship;Normal;390;4;28;7,02;23,02;20/12/2025;22/12/2025;1
50312;27/03/2026;10087;20055;1;App;Gopack;Normal;244;3;14;7,35;384,25;30/03/2026;30/03/2026;0
50313;03/12/2025;10223;20041;4;Web;Gopack;Normal;5;4;0;4,35;248,68;07/12/2025;07/12/2025;0
50314;25/04/2026;10142;20013;1;Tienda;Transnova;Normal;317;2;24;10,24;57,69;27/04/2026;27/04/2026;0
50315;31/05/2026;10219;20042;1;Tienda;Rapidex;Normal;283;5;12;6,9;188,41;05/06/2026;05/06/2026;0
50316;30/06/2025;10234;20032;5;Tienda;Transnova;Normal;145;4;8;11,14;726,85;04/07/2025;04/07/2025;0
50317;22/05/2026;10191;20022;4;Tienda;Rapidex;Normal;5;1;17;4,94;558,52;23/05/2026;23/05/2026;0
50318;19/03/2025;10238;20023;3;Tienda;Blueship;Normal;5;2;30;8,65;949,5;21/03/2025;26/03/2025;1
50319;27/07/2025;10046;20023;4;Web;Blueship;Normal;234;2;6;11,82;1266;29/07/2025;04/08/2025;1
50320;11/11/2025;10130;20037;3;App;Transnova;Normal;535;3;21;11,73;1235,31;14/11/2025;19/11/2025;1
50321;09/03/2026;10073;20071;4;Web;Blueship;Normal;136;3;2;10,34;1175,24;12/03/2026;17/03/2026;1
50322;06/01/2026;10257;20005;5;App;Rapidex;Normal;484;1;23;8,38;973;07/01/2026;11/01/2026;1
50323;21/01/2025;10035;20056;5;Web;Gopack;Normal;310;1;3;7,67;459,85;22/01/2025;25/01/2025;1
50324;27/02/2026;10222;20004;1;App;Gopack;Normal;155;2;20;5,68;373,92;01/03/2026;01/03/2026;0
50325;09/11/2025;10016;20039;2;Web;Transnova;Normal;210;2;13;9,54;197;11/11/2025;15/11/2025;1
50326;18/08/2025;10142;20017;1;Tienda;Transnova;Normal;58;2;7;4,75;45,26;20/08/2025;23/08/2025;1
50327;10/05/2025;10111;20002;3;Web;Rapidex;Normal;201;4;12;11,93;301,38;14/05/2025;14/05/2025;0
50328;17/07/2025;10102;20006;2;App;Blueship;Alta;182;5;29;4,85;97,32;22/07/2025;22/07/2025;0
50329;03/01/2026;10249;20011;2;App;Transnova;Normal;45;2;23;5,98;662,4;05/01/2026;05/01/2026;0
50330;15/06/2026;10078;20048;4;Web;Gopack;Normal;38;4;19;5,64;958,96;19/06/2026;19/06/2026;0
50331;27/03/2026;10203;20008;3;App;Transnova;Normal;419;1;21;9,55;706,38;28/03/2026;31/03/2026;1
50332;27/04/2026;10105;20074;4;App;Rapidex;Normal;700;5;21;16,14;1050,96;02/05/2026;05/05/2026;1
50333;05/07/2026;10169;20006;4;Tienda;Gopack;Normal;141;4;19;7,53;194,64;09/07/2026;09/07/2026;0
50334;07/04/2026;10220;20071;2;Tienda;Gopack;Normal;474;4;10;11,04;587,62;11/04/2026;11/04/2026;0
50335;06/03/2025;10219;20010;4;Web;Blueship;Normal;173;1;25;6,38;724,6;07/03/2025;07/03/2025;0
50336;04/02/2026;10064;20013;4;App;Rapidex;Normal;424;2;18;12,86;230,76;06/02/2026;08/02/2026;1
50337;22/09/2025;10120;20024;5;Web;Gopack;Normal;518;1;10;17,5;1037,5;23/09/2025;23/09/2025;0
50338;08/08/2025;10072;20047;3;Web;Rapidex;Normal;119;3;37;8,07;847,23;11/08/2025;11/08/2025;0
50339;15/06/2025;10137;20066;4;App;Rapidex;Normal;100;3;0;6,62;1263,96;18/06/2025;18/06/2025;0
50340;07/03/2025;10012;20069;3;Tienda;Rapidex;Normal;252;3;27;6,91;888,27;10/03/2025;10/03/2025;0
50341;25/04/2026;10228;20031;2;Web;Blueship;Alta;123;5;13;5,15;68,24;30/04/2026;02/05/2026;1
50342;08/04/2026;10121;20067;2;App;Gopack;Normal;385;1;7;9,56;729,22;09/04/2026;15/04/2026;1
50343;14/02/2025;10037;20071;3;App;Transnova;Normal;322;4;11;11,59;881,43;18/02/2025;18/02/2025;0
50344;04/03/2025;10048;20030;3;Web;Transnova;Alta;343;2;24;7,19;907,32;06/03/2025;08/03/2025;1
50345;11/12/2025;10073;20072;3;Web;Blueship;Alta;302;2;21;9,91;790,29;13/12/2025;15/12/2025;1
50346;09/09/2025;10167;20009;3;App;Rapidex;Normal;342;1;6;13,81;1182,09;10/09/2025;12/09/2025;1
50347;10/03/2025;10072;20054;1;App;Rapidex;Normal;231;5;12;6,22;89,56;15/03/2025;15/03/2025;0
50348;21/03/2026;10067;20006;4;Web;Rapidex;Normal;80;1;19;5,86;194,64;22/03/2026;22/03/2026;0
50349;16/09/2025;10060;20034;2;Tienda;Rapidex;Normal;687;2;25;15,88;513,64;18/09/2025;21/09/2025;1
50350;01/01/2025;10156;20036;2;Tienda;Gopack;Normal;40;4;19;5,35;496,4;05/01/2025;05/01/2025;0
50351;20/04/2025;10048;20061;5;App;Blueship;Normal;71;2;0;5,57;1534,2;22/04/2025;23/04/2025;1
50352;26/06/2026;10059;20060;1;App;Blueship;Normal;34;2;17;4,92;149,55;28/06/2026;28/06/2026;0
50353;19/03/2026;10156;20019;4;Tienda;Gopack;Normal;85;4;23;10,31;1368,52;23/03/2026;23/03/2026;0
50354;29/04/2025;10019;20063;5;Web;Gopack;Normal;73;4;10;9,69;1182,75;03/05/2025;03/05/2025;0
50355;28/09/2025;10238;20009;5;App;Rapidex;Normal;5;4;21;7,5;1970,15;02/10/2025;02/10/2025;0
50356;28/01/2025;10044;20033;3;App;Blueship;Normal;5;1;17;8,95;483,63;29/01/2025;29/01/2025;0
50357;04/05/2026;10120;20035;2;Web;Rapidex;Normal;186;1;5;8,19;422,94;05/05/2026;05/05/2026;0
50358;13/05/2026;10239;20035;3;Tienda;Blueship;Normal;497;2;29;10,28;634,41;15/05/2026;19/05/2026;1
50359;07/01/2026;10174;20053;2;Web;Transnova;Alta;189;3;18;4,93;725,86;10/01/2026;10/01/2026;0
50360;21/06/2025;10154;20068;1;App;Blueship;Normal;390;3;2;10,88;129,39;24/06/2025;26/06/2025;1
50361;30/09/2025;10012;20037;4;App;Blueship;Normal;189;3;24;12,96;1647,08;03/10/2025;03/10/2025;0
50362;27/10/2025;10041;20057;1;Web;Transnova;Normal;500;3;8;11,13;232,41;30/10/2025;05/11/2025;1
50363;05/01/2025;10069;20045;4;Tienda;Gopack;Normal;111;2;22;6,49;1139,44;07/01/2025;07/01/2025;0
50364;15/07/2025;10110;20012;2;Tienda;Rapidex;Normal;5;4;0;5,58;55,36;19/07/2025;25/07/2025;1
50365;18/11/2025;10216;20019;4;App;Rapidex;Normal;5;2;20;6,59;1368,52;20/11/2025;20/11/2025;0
50366;24/04/2026;10048;20030;4;App;Transnova;Normal;763;3;28;14,43;1209,76;27/04/2026;03/05/2026;1
50367;29/07/2025;10104;20066;3;Tienda;Gopack;Normal;171;3;19;11,14;947,97;01/08/2025;02/08/2025;1
50368;15/04/2025;10125;20026;4;Tienda;Gopack;Normal;562;2;28;12,48;231,24;17/04/2025;18/04/2025;1
50369;16/05/2025;10042;20022;1;App;Gopack;Normal;263;4;19;8,61;139,63;20/05/2025;20/05/2025;0
50370;09/05/2025;10002;20036;1;App;Transnova;Normal;99;5;0;8,74;248,2;14/05/2025;14/05/2025;0
50371;15/02/2026;10185;20019;5;App;Gopack;Normal;756;5;12;17,73;1710,65;20/02/2026;23/02/2026;1
50372;17/11/2025;10248;20036;4;Tienda;Gopack;Alta;5;1;27;7,32;992,8;18/11/2025;18/11/2025;0
50373;21/09/2025;10013;20070;4;App;Blueship;Normal;432;3;27;14,32;1368,72;24/09/2025;24/09/2025;0
50374;19/09/2025;10202;20027;1;Tienda;Transnova;Normal;316;2;16;10,58;114,02;21/09/2025;22/09/2025;1
50375;04/08/2025;10065;20056;2;Web;Transnova;Normal;293;5;22;10,99;183,94;09/08/2025;14/08/2025;1
50376;08/01/2026;10191;20035;2;Tienda;Transnova;Normal;586;5;25;13,26;422,94;13/01/2026;18/01/2026;1
50377;07/02/2025;10043;20029;2;Web;Transnova;Normal;248;3;8;8,15;89,5;10/02/2025;12/02/2025;1
50378;16/10/2025;10203;20002;2;Web;Transnova;Normal;116;2;45;5,77;200,92;18/10/2025;19/10/2025;1
50379;07/09/2025;10122;20066;2;App;Blueship;Normal;350;3;15;9,96;631,98;10/09/2025;10/09/2025;0
50380;13/01/2025;10108;20023;3;Tienda;Gopack;Normal;117;5;43;8,18;949,5;18/01/2025;18/01/2025;0
50381;28/01/2026;10112;20005;5;App;Transnova;Normal;481;4;21;13,11;973;01/02/2026;06/02/2026;1
50382;11/12/2025;10222;20026;4;Tienda;Blueship;Normal;315;4;26;10,05;231,24;15/12/2025;19/12/2025;1
50383;13/06/2026;10096;20070;1;Tienda;Blueship;Normal;69;5;38;5,68;342,18;18/06/2026;18/06/2026;0
50384;01/01/2025;10044;20060;3;Web;Gopack;Normal;248;1;24;6,85;448,65;02/01/2025;07/01/2025;1
50385;18/08/2025;10183;20055;2;App;Blueship;Normal;240;5;24;8,58;768,5;23/08/2025;23/08/2025;0
50386;19/04/2025;10093;20039;4;Web;Rapidex;Normal;300;2;5;9,62;394;21/04/2025;21/04/2025;0
50387;12/03/2026;10106;20058;5;Web;Blueship;Normal;244;2;19;9,99;538,45;14/03/2026;14/03/2026;0
50388;24/08/2025;10038;20051;1;Web;Blueship;Normal;539;1;9;14,22;328,73;25/08/2025;28/08/2025;1
50389;27/05/2026;10141;20039;4;Tienda;Rapidex;Alta;328;3;16;5,89;394;30/05/2026;30/05/2026;0
50390;17/08/2025;10092;20059;1;App;Transnova;Alta;254;1;13;8,28;232,7;18/08/2025;24/08/2025;1
50391;05/02/2026;10142;20061;4;Web;Transnova;Normal;340;1;11;10,38;1227,36;06/02/2026;06/02/2026;0
50392;14/12/2025;10223;20006;3;Web;Transnova;Normal;477;4;9;10,86;145,98;18/12/2025;23/12/2025;1
50393;27/05/2025;10156;20045;4;App;Blueship;Normal;595;4;35;13,85;1139,44;31/05/2025;04/06/2025;1
50394;02/06/2026;10036;20073;4;App;Blueship;Normal;327;1;26;11,21;1493,8;03/06/2026;06/06/2026;1
50395;15/07/2025;10220;20053;4;Web;Gopack;Normal;5;5;18;5,69;1451,72;20/07/2025;20/07/2025;0
50396;29/06/2025;10224;20071;3;Tienda;Rapidex;Alta;173;4;13;10,93;881,43;03/07/2025;03/07/2025;0
50397;01/03/2025;10134;20021;3;Tienda;Transnova;Normal;583;3;2;11,6;432,45;04/03/2025;04/03/2025;0
50398;04/01/2025;10208;20026;2;App;Gopack;Normal;30;5;1;2,5;115,62;09/01/2025;09/01/2025;0
50399;23/07/2025;10002;20028;3;Tienda;Gopack;Normal;264;5;29;8,71;217,8;28/07/2025;28/07/2025;0
50400;06/07/2025;10234;20067;4;Web;Transnova;Alta;5;5;11;9,83;1458,44;11/07/2025;11/07/2025;0
50401;25/12/2025;10090;20067;3;Web;Rapidex;Normal;352;5;12;12,39;1093,83;30/12/2025;03/01/2026;1
50402;27/11/2025;10094;20055;4;Tienda;Rapidex;Normal;218;5;6;11,52;1537;02/12/2025;02/12/2025;0
50403;23/04/2026;10190;20048;5;Web;Blueship;Normal;663;1;7;13,68;1198,7;24/04/2026;24/04/2026;0
50404;02/12/2025;10112;20051;3;App;Transnova;Normal;537;4;28;13,98;986,19;06/12/2025;06/12/2025;0
50405;20/06/2025;10203;20041;5;App;Transnova;Normal;593;1;30;13,82;310,85;21/06/2025;25/06/2025;1
50406;15/12/2025;10248;20034;2;App;Rapidex;Alta;708;4;23;15,11;513,64;19/12/2025;20/12/2025;1
50407;07/03/2025;10170;20004;4;App;Transnova;Normal;184;1;33;8,59;1495,68;08/03/2025;11/03/2025;1
50408;16/11/2025;10078;20037;3;Tienda;Transnova;Normal;5;2;0;5,72;1235,31;18/11/2025;18/11/2025;0
50409;28/06/2025;10126;20014;5;Web;Transnova;Normal;193;4;12;10,17;2034,7;02/07/2025;04/07/2025;1
50410;16/09/2025;10014;20055;5;Web;Blueship;Normal;227;2;11;9,48;1921,25;18/09/2025;24/09/2025;1
50411;16/12/2025;10153;20038;1;Web;Rapidex;Alta;321;2;17;9,75;130,44;18/12/2025;18/12/2025;0
50412;12/05/2026;10124;20068;5;App;Blueship;Normal;376;4;23;12,12;646,95;16/05/2026;22/05/2026;1
50413;05/07/2025;10011;20068;5;App;Gopack;Normal;329;5;9;12,37;646,95;10/07/2025;12/07/2025;1
50414;15/02/2025;10202;20065;3;Web;Gopack;Normal;243;3;26;7,55;436,86;18/02/2025;18/02/2025;0
50415;28/04/2025;10146;20046;5;App;Blueship;Alta;154;2;7;12,95;690,05;30/04/2025;02/05/2025;1
50416;23/02/2025;10064;20023;4;Web;Blueship;Alta;347;1;12;6,86;1266;24/02/2025;27/02/2025;1
50417;31/12/2025;10082;20073;4;Web;Blueship;Normal;5;2;22;5,16;1493,8;02/01/2026;02/01/2026;0
50418;25/05/2025;10232;20029;5;Tienda;Blueship;Normal;510;5;12;9,87;223,75;30/05/2025;30/05/2025;0
50419;23/09/2025;10094;20007;5;App;Gopack;Normal;211;4;25;11,05;609,85;27/09/2025;27/09/2025;0
50420;17/05/2025;10218;20065;2;App;Blueship;Normal;247;5;28;6,21;291,24;22/05/2025;22/05/2025;0
50421;07/05/2025;10155;20024;3;Tienda;Gopack;Normal;277;2;20;9,08;622,5;09/05/2025;13/05/2025;1
50422;21/12/2025;10052;20031;1;Web;Blueship;Normal;496;5;40;11,91;34,12;26/12/2025;26/12/2025;0
50423;16/04/2026;10212;20057;4;Tienda;Transnova;Alta;67;4;14;5,23;929,64;20/04/2026;20/04/2026;0
50424;13/10/2025;10052;20054;4;App;Blueship;Normal;403;2;9;11,76;358,24;15/10/2025;18/10/2025;1
50425;18/11/2025;10005;20023;2;Web;Transnova;Alta;893;5;29;14,38;633;23/11/2025;27/11/2025;1
50426;20/05/2025;10084;20065;2;Tienda;Transnova;Normal;33;5;23;6,07;291,24;25/05/2025;25/05/2025;0
50427;10/06/2026;10236;20014;4;App;Gopack;Alta;130;2;25;5,4;1627,76;12/06/2026;14/06/2026;1
50428;07/05/2025;10106;20030;5;Web;Gopack;Normal;307;3;29;11,81;1512,2;10/05/2025;10/05/2025;0
50429;30/03/2025;10113;20050;2;Tienda;Rapidex;Alta;437;5;14;7,22;658,68;04/04/2025;04/04/2025;0
50430;13/05/2025;10147;20011;2;Web;Gopack;Normal;298;4;13;9,56;662,4;17/05/2025;17/05/2025;0
50431;14/01/2025;10047;20022;2;App;Transnova;Normal;372;1;14;10,55;279,26;15/01/2025;15/01/2025;0
50432;14/12/2025;10002;20056;3;Web;Transnova;Normal;477;5;16;10,59;275,91;19/12/2025;22/12/2025;1
50433;04/08/2025;10196;20002;1;Tienda;Rapidex;Normal;343;5;14;3,57;100,46;09/08/2025;09/08/2025;0
50434;31/12/2025;10068;20002;3;Tienda;Blueship;Normal;30;1;25;6,92;301,38;01/01/2026;01/01/2026;0
50435;25/04/2026;10053;20057;1;App;Rapidex;Alta;528;2;21;10,69;232,41;27/04/2026;02/05/2026;1
50436;15/04/2025;10195;20035;1;Tienda;Blueship;Normal;683;3;14;12,52;211,47;18/04/2025;20/04/2025;1
50437;29/09/2025;10214;20035;5;Web;Rapidex;Normal;431;3;19;13,5;1057,35;02/10/2025;06/10/2025;1
50438;16/05/2025;10045;20002;4;Tienda;Gopack;Normal;32;3;16;6,3;401,84;19/05/2025;19/05/2025;0
50439;01/06/2026;10152;20033;4;App;Transnova;Normal;409;2;7;12,05;644,84;03/06/2026;05/06/2026;1
50440;07/01/2025;10218;20052;5;Web;Rapidex;Normal;228;3;20;8,42;329,3;10/01/2025;13/01/2025;1
50441;24/03/2026;10176;20022;2;App;Rapidex;Normal;594;2;22;11,55;279,26;26/03/2026;01/04/2026;1
50442;23/02/2026;10112;20075;1;Tienda;Blueship;Alta;546;3;20;10,46;185,34;26/02/2026;28/02/2026;1
50443;30/04/2026;10217;20001;5;App;Gopack;Alta;34;5;34;5,3;1030,8;05/05/2026;05/05/2026;0
50444;25/11/2025;10143;20005;5;App;Rapidex;Normal;59;5;18;6,28;973;30/11/2025;30/11/2025;0
50445;29/07/2025;10041;20017;1;App;Transnova;Normal;182;1;28;4,38;45,26;30/07/2025;30/07/2025;0
50446;22/08/2025;10171;20066;5;App;Transnova;Normal;397;4;30;9,49;1579,95;26/08/2025;26/08/2025;0
50447;21/05/2025;10116;20042;4;Tienda;Transnova;Normal;303;1;22;11,51;753,64;22/05/2025;22/05/2025;0
50448;05/04/2025;10056;20037;3;App;Transnova;Normal;302;2;7;10,53;1235,31;07/04/2025;13/04/2025;1
50449;03/03/2026;10067;20015;4;Web;Blueship;Normal;291;2;11;11,72;669,56;05/03/2026;05/03/2026;0
50450;27/09/2025;10063;20020;2;Tienda;Blueship;Normal;105;4;25;7,51;549,02;01/10/2025;01/10/2025;0
50451;09/07/2025;10253;20007;5;Web;Gopack;Normal;109;1;18;2,5;609,85;10/07/2025;10/07/2025;0
50452;27/01/2025;10068;20049;2;Web;Rapidex;Alta;125;1;15;4,5;266,44;28/01/2025;28/01/2025;0
50453;04/06/2025;10114;20011;5;Web;Blueship;Alta;5;3;0;9,64;1656;07/06/2025;07/06/2025;0
50454;09/03/2025;10072;20021;1;Tienda;Transnova;Normal;300;1;6;8,08;144,15;10/03/2025;14/03/2025;1
50455;09/02/2026;10004;20035;5;Web;Rapidex;Normal;464;4;11;11,96;1057,35;13/02/2026;14/02/2026;1
50456;06/04/2026;10011;20049;5;Web;Transnova;Normal;736;2;13;10,76;666,1;08/04/2026;09/04/2026;1
50457;06/06/2026;10223;20058;2;Tienda;Rapidex;Normal;377;1;31;13,89;215,38;07/06/2026;12/06/2026;1
50458;18/01/2025;10024;20051;1;Tienda;Gopack;Normal;8;1;43;5,75;328,73;19/01/2025;19/01/2025;0
50459;26/01/2025;10122;20069;4;Web;Gopack;Alta;330;1;8;10,41;1184,36;27/01/2025;01/02/2025;1
50460;12/04/2026;10038;20060;1;Tienda;Gopack;Normal;334;2;26;10,45;149,55;14/04/2026;14/04/2026;0
50461;02/03/2026;10082;20067;4;Web;Rapidex;Normal;535;3;10;14,33;1458,44;05/03/2026;05/03/2026;0
50462;15/04/2026;10126;20050;5;Web;Rapidex;Normal;74;3;22;8,9;1646,7;18/04/2026;18/04/2026;0
50463;11/03/2025;10221;20061;2;Tienda;Gopack;Normal;221;1;24;5,28;613,68;12/03/2025;12/03/2025;0
50464;23/04/2026;10231;20064;4;Web;Rapidex;Normal;438;4;22;11,82;1572,56;27/04/2026;28/04/2026;1
50465;18/11/2025;10177;20065;5;App;Transnova;Normal;394;5;13;13,23;728,1;23/11/2025;29/11/2025;1
50466;19/12/2025;10217;20019;1;Tienda;Rapidex;Normal;422;1;24;9,06;342,13;20/12/2025;26/12/2025;1
50467;26/11/2025;10231;20064;4;App;Transnova;Normal;339;2;13;9,27;1572,56;28/11/2025;29/11/2025;1
50468;21/02/2026;10078;20051;2;Tienda;Rapidex;Normal;634;3;22;11,6;657,46;24/02/2026;28/02/2026;1
50469;08/08/2025;10031;20049;3;Tienda;Gopack;Normal;371;1;11;13,32;399,66;09/08/2025;10/08/2025;1
50470;03/07/2026;10079;20015;3;Tienda;Gopack;Alta;347;2;18;7,33;502,17;05/07/2026;06/07/2026;1
50471;18/03/2026;10161;20054;2;Tienda;Transnova;Normal;370;4;13;13,03;179,12;22/03/2026;24/03/2026;1
50472;07/12/2025;10021;20040;4;App;Blueship;Normal;427;2;12;13,38;819,08;09/12/2025;09/12/2025;0
50473;25/06/2025;10045;20014;3;Web;Transnova;Normal;372;1;9;8,36;1220,82;26/06/2025;26/06/2025;0
50474;14/03/2026;10236;20070;1;Tienda;Gopack;Normal;329;2;17;10,62;342,18;16/03/2026;22/03/2026;1
50475;21/11/2025;10073;20014;5;Tienda;Gopack;Normal;636;4;37;11,3;2034,7;25/11/2025;28/11/2025;1
50476;09/04/2026;10080;20038;1;Tienda;Transnova;Normal;320;3;15;8;130,44;12/04/2026;16/04/2026;1
50477;09/01/2026;10024;20001;1;App;Blueship;Normal;69;4;14;4,54;206,16;13/01/2026;13/01/2026;0
50478;13/05/2025;10029;20074;1;Web;Rapidex;Alta;188;1;15;12,5;262,74;14/05/2025;14/05/2025;0
50479;11/06/2026;10160;20049;3;App;Gopack;Normal;19;2;11;8,44;399,66;13/06/2026;13/06/2026;0
50480;06/09/2025;10032;20035;2;Tienda;Rapidex;Normal;411;5;26;11,46;422,94;11/09/2025;11/09/2025;0
50481;01/05/2025;10015;20027;5;Web;Blueship;Normal;355;5;34;13,17;570,1;06/05/2025;06/05/2025;0
50482;18/06/2026;10220;20035;2;Web;Transnova;Normal;138;1;13;3,71;422,94;19/06/2026;19/06/2026;0
50483;01/04/2026;10137;20004;4;Tienda;Gopack;Alta;269;5;2;10,45;1495,68;06/04/2026;09/04/2026;1
50484;25/05/2026;10058;20009;1;Tienda;Rapidex;Normal;264;3;8;6,84;394,03;28/05/2026;28/05/2026;0
50485;06/02/2026;10083;20017;3;Tienda;Blueship;Normal;551;1;16;11,28;135,78;07/02/2026;10/02/2026;1
50486;18/04/2025;10011;20028;3;Tienda;Blueship;Normal;434;3;2;10,39;217,8;21/04/2025;26/04/2025;1
50487;22/10/2025;10018;20029;4;Web;Blueship;Alta;366;5;12;11,2;179;27/10/2025;01/11/2025;1
50488;05/05/2025;10135;20062;2;Web;Blueship;Normal;394;1;16;12,31;286,38;06/05/2025;09/05/2025;1
50489;12/04/2025;10164;20074;1;Tienda;Gopack;Alta;268;1;35;8,53;262,74;13/04/2025;19/04/2025;1
50490;15/07/2025;10150;20021;5;App;Gopack;Normal;183;1;0;8,87;720,75;16/07/2025;17/07/2025;1
50491;25/10/2025;10157;20006;4;App;Transnova;Normal;53;3;11;8,11;194,64;28/10/2025;03/11/2025;1
50492;16/07/2025;10155;20050;5;Web;Rapidex;Normal;281;3;28;11,89;1646,7;19/07/2025;19/07/2025;0
50493;23/07/2025;10237;20021;5;Tienda;Gopack;Normal;367;4;16;12,79;720,75;27/07/2025;27/07/2025;0
50494;06/07/2025;10123;20036;3;Tienda;Gopack;Normal;163;2;33;5,78;744,6;08/07/2025;12/07/2025;1
50495;08/06/2026;10037;20055;4;Tienda;Gopack;Normal;332;2;18;8,54;1537;10/06/2026;12/06/2026;1
50496;23/04/2026;10192;20012;2;Web;Transnova;Normal;520;5;28;10,18;55,36;28/04/2026;28/04/2026;0
50497;12/12/2025;10147;20017;2;Web;Gopack;Normal;290;5;19;6,28;90,52;17/12/2025;17/12/2025;0
50498;28/09/2025;10075;20053;2;Tienda;Transnova;Normal;735;2;0;16,74;725,86;30/09/2025;06/10/2025;1
50499;19/05/2026;10029;20019;2;App;Rapidex;Normal;107;4;25;8,62;684,26;23/05/2026;23/05/2026;0
50500;13/01/2025;10057;20020;4;Web;Gopack;Normal;353;5;28;12,39;1098,04;18/01/2025;21/01/2025;1
50501;15/06/2026;10088;20057;2;App;Transnova;Normal;587;5;14;8,21;464,82;20/06/2026;22/06/2026;1
50502;08/02/2026;10025;20053;1;Web;Transnova;Alta;84;2;10;2,5;362,93;10/02/2026;10/02/2026;0
50503;24/09/2025;10055;20035;5;App;Transnova;Normal;98;5;13;6,9;1057,35;29/09/2025;29/09/2025;0
50504;29/06/2026;10177;20013;3;Web;Rapidex;Normal;362;3;16;9,95;173,07;02/07/2026;02/07/2026;0
50505;29/01/2026;10104;20017;2;App;Transnova;Normal;741;4;10;15,67;90,52;02/02/2026;08/02/2026;1
50506;22/01/2025;10124;20027;1;App;Blueship;Normal;414;2;27;9,16;114,02;24/01/2025;24/01/2025;0
50507;27/01/2026;10135;20022;3;App;Transnova;Normal;270;2;10;7,52;418,89;29/01/2026;29/01/2026;0
50508;19/06/2025;10038;20020;3;App;Gopack;Alta;521;3;18;12,71;823,53;22/06/2025;28/06/2025;1
50509;31/07/2025;10222;20042;1;Tienda;Blueship;Normal;722;1;23;10,38;188,41;01/08/2025;02/08/2025;1
50510;22/04/2026;10067;20064;1;Web;Rapidex;Normal;156;1;24;9,31;393,14;23/04/2026;23/04/2026;0
50511;12/01/2025;10078;20045;5;Tienda;Rapidex;Normal;148;2;23;6,71;1424,3;14/01/2025;14/01/2025;0
50512;23/09/2025;10213;20072;1;Tienda;Transnova;Normal;399;1;23;8,27;263,43;24/09/2025;28/09/2025;1
50513;22/08/2025;10153;20071;3;Web;Blueship;Normal;294;1;10;7,61;881,43;23/08/2025;28/08/2025;1
50514;09/02/2026;10257;20026;1;App;Gopack;Normal;184;4;27;4,96;57,81;13/02/2026;13/02/2026;0
50515;06/07/2025;10021;20024;1;App;Transnova;Normal;704;2;16;11,77;207,5;08/07/2025;10/07/2025;1
50516;15/06/2026;10143;20036;2;Tienda;Gopack;Normal;432;5;10;10,46;496,4;20/06/2026;20/06/2026;0
50517;11/11/2025;10069;20071;3;Tienda;Gopack;Normal;23;5;10;4,49;881,43;16/11/2025;16/11/2025;0
50518;18/12/2025;10232;20064;3;App;Blueship;Normal;5;1;4;2,88;1179,42;19/12/2025;25/12/2025;1
50519;12/10/2025;10074;20029;2;App;Gopack;Normal;512;4;1;11,24;89,5;16/10/2025;20/10/2025;1
50520;29/06/2026;10003;20069;1;Tienda;Blueship;Normal;1051;4;28;18,54;296,09;03/07/2026;07/07/2026;1
50521;15/06/2026;10034;20031;3;Web;Gopack;Normal;235;3;16;9,81;102,36;18/06/2026;18/06/2026;0
50522;18/07/2025;10055;20073;3;Tienda;Blueship;Normal;521;1;20;11,07;1120,35;19/07/2025;19/07/2025;0
50523;03/05/2026;10081;20039;3;Web;Transnova;Normal;584;4;11;15,11;295,5;07/05/2026;11/05/2026;1
50524;06/04/2025;10081;20066;3;Tienda;Rapidex;Normal;5;5;30;4,17;947,97;11/04/2025;11/04/2025;0
50525;24/03/2026;10054;20027;2;Web;Gopack;Alta;538;5;11;13,3;228,04;29/03/2026;31/03/2026;1
50526;30/03/2025;10099;20046;5;Web;Rapidex;Normal;6;3;22;6,14;690,05;02/04/2025;02/04/2025;0
50527;15/01/2025;10135;20048;2;Web;Rapidex;Normal;828;4;20;14,23;479,48;19/01/2025;21/01/2025;1
50528;11/06/2025;10018;20035;5;Tienda;Rapidex;Normal;116;2;20;12,7;1057,35;13/06/2025;13/06/2025;0
50529;08/09/2025;10191;20046;3;Tienda;Rapidex;Normal;175;4;16;7,7;414,03;12/09/2025;12/09/2025;0
50530;13/10/2025;10012;20026;5;App;Blueship;Normal;197;1;19;8,87;289,05;14/10/2025;14/10/2025;0
50531;25/08/2025;10143;20007;5;Tienda;Blueship;Normal;91;3;27;6,08;609,85;28/08/2025;28/08/2025;0
50532;22/04/2026;10173;20040;5;Tienda;Gopack;Normal;384;3;0;10,95;1023,85;25/04/2026;30/04/2026;1
50533;30/08/2025;10016;20006;1;Web;Gopack;Normal;323;5;24;9,45;48,66;04/09/2025;04/09/2025;0
50534;22/07/2025;10024;20015;2;App;Transnova;Normal;339;4;33;12,04;334,78;26/07/2025;30/07/2025;1
50535;23/11/2025;10010;20057;2;App;Blueship;Normal;155;1;19;7,2;464,82;24/11/2025;24/11/2025;0
50536;21/02/2026;10075;20039;1;Tienda;Blueship;Normal;281;5;41;5,73;98,5;26/02/2026;03/03/2026;1
50537;01/07/2025;10170;20062;3;Tienda;Transnova;Normal;162;4;23;5,87;429,57;05/07/2025;05/07/2025;0
50538;18/06/2026;10027;20004;3;App;Rapidex;Normal;597;1;19;13,86;1121,76;19/06/2026;25/06/2026;1
50539;10/10/2025;10009;20037;5;Web;Rapidex;Normal;444;1;30;13,79;2058,85;11/10/2025;11/10/2025;0
50540;29/03/2026;10067;20005;3;Tienda;Blueship;Alta;460;5;34;10,51;583,8;03/04/2026;07/04/2026;1
50541;08/04/2025;10050;20047;5;Tienda;Transnova;Normal;628;2;18;14,53;1412,05;10/04/2025;10/04/2025;0
50542;22/06/2025;10135;20050;2;Web;Transnova;Normal;5;4;6;3,43;658,68;26/06/2025;26/06/2025;0
50543;16/03/2026;10230;20012;1;Tienda;Gopack;Alta;321;4;32;7,96;27,68;20/03/2026;26/03/2026;1
50544;12/03/2025;10144;20016;3;Web;Blueship;Alta;566;5;13;15,73;34,53;17/03/2025;20/03/2025;1
50545;29/09/2025;10090;20034;2;Tienda;Rapidex;Normal;429;1;29;8,01;513,64;30/09/2025;30/09/2025;0
50546;02/11/2025;10128;20047;5;Tienda;Rapidex;Normal;331;3;18;12,49;1412,05;05/11/2025;07/11/2025;1
50547;26/12/2025;10253;20066;3;Tienda;Transnova;Normal;871;4;14;16,43;947,97;30/12/2025;31/12/2025;1
50548;30/04/2025;10090;20028;1;Tienda;Rapidex;Normal;371;2;26;8,92;72,6;02/05/2025;04/05/2025;1
50549;12/05/2026;10195;20056;5;Tienda;Gopack;Normal;347;2;12;10,87;459,85;14/05/2026;16/05/2026;1
50550;15/01/2025;10042;20027;1;Tienda;Blueship;Normal;573;5;1;10,21;114,02;20/01/2025;23/01/2025;1
50551;04/06/2025;10253;20003;5;Tienda;Blueship;Alta;5;5;9;7,73;1277,1;09/06/2025;09/06/2025;0
50552;04/03/2025;10247;20013;1;Tienda;Transnova;Alta;511;3;16;8,6;57,69;07/03/2025;07/03/2025;0
50553;02/09/2025;10058;20059;4;App;Gopack;Normal;442;1;2;12,91;930,8;03/09/2025;08/09/2025;1
50554;28/07/2025;10035;20061;2;App;Blueship;Normal;255;4;35;8,18;613,68;01/08/2025;03/08/2025;1
50555;30/04/2026;10199;20020;4;Web;Blueship;Normal;437;3;29;10,48;1098,04;03/05/2026;03/05/2026;0
50556;25/12/2025;10163;20049;5;Tienda;Gopack;Normal;436;2;9;12,48;666,1;27/12/2025;02/01/2026;1
50557;07/07/2025;10105;20052;5;App;Rapidex;Normal;5;3;15;10,81;329,3;10/07/2025;10/07/2025;0
50558;07/09/2025;10254;20019;4;App;Transnova;Normal;535;3;30;13,31;1368,52;10/09/2025;10/09/2025;0
50559;17/03/2025;10144;20072;3;Web;Gopack;Normal;65;1;6;10,38;790,29;18/03/2025;18/03/2025;0
50560;28/03/2025;10096;20064;1;Tienda;Transnova;Normal;450;1;18;8,13;393,14;29/03/2025;31/03/2025;1
50561;25/08/2025;10115;20033;2;Tienda;Transnova;Alta;559;2;3;14,31;322,42;27/08/2025;02/09/2025;1
50562;06/02/2025;10079;20071;3;Tienda;Transnova;Normal;219;3;26;10,46;881,43;09/02/2025;10/02/2025;1
50563;28/12/2025;10071;20053;4;Tienda;Blueship;Normal;182;5;18;10,78;1451,72;02/01/2026;02/01/2026;0
50564;16/01/2025;10177;20071;2;Web;Gopack;Normal;254;2;24;11,7;587,62;18/01/2025;19/01/2025;1
50565;24/09/2025;10259;20054;2;App;Transnova;Normal;5;5;24;5,44;179,12;29/09/2025;29/09/2025;0
50566;11/02/2026;10081;20024;4;Web;Transnova;Normal;219;2;22;6,36;830;13/02/2026;17/02/2026;1
50567;06/10/2025;10201;20062;1;App;Gopack;Alta;490;2;14;9,36;143,19;08/10/2025;11/10/2025;1
50568;10/10/2025;10137;20013;4;App;Rapidex;Alta;408;2;25;9,42;230,76;12/10/2025;17/10/2025;1
50569;10/09/2025;10030;20029;1;Web;Gopack;Normal;656;3;19;11,77;44,75;13/09/2025;16/09/2025;1
50570;29/04/2025;10022;20063;1;App;Rapidex;Normal;415;3;14;9,4;236,55;02/05/2025;02/05/2025;0
50571;23/12/2025;10236;20039;2;Tienda;Transnova;Normal;329;5;34;5,74;197;28/12/2025;28/12/2025;0
50572;09/01/2025;10070;20028;3;Tienda;Blueship;Normal;251;2;10;8,14;217,8;11/01/2025;15/01/2025;1
50573;19/11/2025;10075;20045;3;Tienda;Transnova;Normal;421;4;29;12,21;854,58;23/11/2025;23/11/2025;0
50574;15/03/2025;10136;20016;1;App;Transnova;Normal;229;4;0;5,82;11,51;19/03/2025;19/03/2025;0
50575;24/03/2025;10195;20068;2;Web;Blueship;Normal;299;4;18;8,95;258,78;28/03/2025;29/03/2025;1
50576;26/01/2025;10074;20003;4;App;Gopack;Alta;88;5;13;6,46;1021,68;31/01/2025;31/01/2025;0
50577;12/02/2026;10016;20039;5;Tienda;Transnova;Alta;584;2;21;12,47;492,5;14/02/2026;19/02/2026;1
50578;03/04/2026;10074;20065;4;Web;Rapidex;Normal;646;3;16;13,04;582,48;06/04/2026;06/04/2026;0
50579;31/07/2025;10198;20030;5;Web;Blueship;Normal;562;1;5;13,74;1512,2;01/08/2025;01/08/2025;0
50580;13/05/2026;10068;20004;1;Web;Rapidex;Normal;189;3;4;5,11;373,92;16/05/2026;16/05/2026;0
50581;14/04/2025;10164;20020;3;Tienda;Blueship;Normal;394;2;21;11,46;823,53;16/04/2025;22/04/2025;1
50582;13/02/2026;10226;20006;1;App;Blueship;Normal;416;4;14;5,52;48,66;17/02/2026;17/02/2026;0
50583;18/08/2025;10090;20017;3;App;Rapidex;Normal;287;4;24;7,96;135,78;22/08/2025;22/08/2025;0
50584;22/02/2025;10051;20046;3;Tienda;Transnova;Normal;129;2;17;7,46;414,03;24/02/2025;24/02/2025;0
50585;07/02/2025;10079;20057;4;Tienda;Rapidex;Normal;140;1;20;8,62;929,64;08/02/2025;08/02/2025;0
50586;19/02/2026;10142;20038;5;App;Rapidex;Normal;385;5;14;13,03;652,2;24/02/2026;24/02/2026;0
50587;23/11/2025;10203;20025;3;Tienda;Transnova;Normal;5;4;10;6,75;965,97;27/11/2025;27/11/2025;0
50588;08/03/2026;10066;20071;1;App;Transnova;Normal;408;3;18;13,07;293,81;11/03/2026;16/03/2026;1
50589;13/04/2026;10049;20051;5;App;Rapidex;Normal;539;1;31;12,42;1643,65;14/04/2026;14/04/2026;0
50590;15/10/2025;10204;20064;4;App;Gopack;Normal;280;2;10;9,77;1572,56;17/10/2025;17/10/2025;0
50591;27/01/2026;10050;20039;4;Web;Gopack;Normal;485;2;0;9,35;394;29/01/2026;29/01/2026;0
50592;08/11/2025;10250;20074;4;Tienda;Blueship;Normal;575;4;14;15,43;1050,96;12/11/2025;15/11/2025;1
50593;09/11/2025;10123;20035;3;Tienda;Rapidex;Normal;305;1;18;11,48;634,41;10/11/2025;10/11/2025;0
50594;15/08/2025;10249;20050;1;Tienda;Gopack;Normal;236;4;4;6,28;329,34;19/08/2025;19/08/2025;0
50595;12/03/2026;10030;20048;4;Web;Transnova;Normal;448;1;18;10,61;958,96;13/03/2026;19/03/2026;1
50596;25/03/2025;10133;20028;4;Web;Rapidex;Normal;205;2;37;6,05;290,4;27/03/2025;27/03/2025;0
50597;09/02/2025;10223;20075;5;App;Rapidex;Normal;5;5;23;5,36;926,7;14/02/2025;14/02/2025;0
50598;05/08/2025;10172;20069;3;Web;Gopack;Normal;71;5;18;4,86;888,27;10/08/2025;10/08/2025;0
50599;02/06/2026;10145;20038;1;App;Transnova;Normal;451;4;19;10,78;130,44;06/06/2026;12/06/2026;1
50600;25/05/2026;10084;20046;1;App;Blueship;Normal;64;1;27;2,5;138,01;26/05/2026;26/05/2026;0
50601;08/09/2025;10241;20074;1;Tienda;Rapidex;Normal;374;4;24;9,55;262,74;12/09/2025;16/09/2025;1
50602;16/06/2025;10151;20009;4;App;Gopack;Normal;222;2;14;11,87;1576,12;18/06/2025;20/06/2025;1
50603;26/02/2026;10130;20070;3;App;Gopack;Alta;352;3;23;8,27;1026,54;01/03/2026;07/03/2026;1
50604;20/07/2025;10164;20019;2;Web;Transnova;Normal;46;4;0;3,46;684,26;24/07/2025;24/07/2025;0
50605;10/07/2025;10022;20056;5;Tienda;Gopack;Normal;286;5;16;12,25;459,85;15/07/2025;15/07/2025;0
50606;31/07/2025;10035;20066;5;Web;Gopack;Normal;52;4;0;9,73;1579,95;04/08/2025;04/08/2025;0
50607;06/09/2025;10074;20037;2;Web;Transnova;Alta;104;2;27;5,37;823,54;08/09/2025;08/09/2025;0
50608;11/06/2025;10087;20031;2;Web;Blueship;Alta;5;3;18;9,08;68,24;14/06/2025;16/06/2025;1
50609;30/09/2025;10128;20066;3;Tienda;Gopack;Normal;59;2;25;5,82;947,97;02/10/2025;02/10/2025;0
50610;01/10/2025;10120;20006;1;Tienda;Rapidex;Alta;5;1;13;4,74;48,66;02/10/2025;02/10/2025;0
50611;27/04/2026;10183;20054;5;Web;Gopack;Normal;294;5;19;12,02;447,8;02/05/2026;04/05/2026;1
50612;21/12/2025;10191;20013;3;Web;Transnova;Normal;427;4;27;10,23;173,07;25/12/2025;28/12/2025;1
50613;28/01/2026;10070;20042;4;Web;Transnova;Normal;13;1;25;6,92;753,64;29/01/2026;29/01/2026;0
50614;14/11/2025;10039;20033;4;Tienda;Blueship;Normal;344;5;16;10,37;644,84;19/11/2025;25/11/2025;1
50615;23/07/2025;10064;20075;2;Tienda;Gopack;Normal;344;1;19;6,02;370,68;24/07/2025;24/07/2025;0
50616;01/06/2025;10126;20013;2;App;Gopack;Normal;393;4;25;11,54;115,38;05/06/2025;05/06/2025;0
50617;08/04/2025;10222;20068;5;Web;Gopack;Normal;289;1;21;11,95;646,95;09/04/2025;09/04/2025;0
50618;27/06/2025;10223;20006;5;Web;Rapidex;Normal;482;5;23;12,58;243,3;02/07/2025;02/07/2025;0
50619;09/12/2025;10194;20070;1;App;Blueship;Normal;188;1;36;7,62;342,18;10/12/2025;10/12/2025;0
50620;11/10/2025;10029;20063;4;Web;Rapidex;Normal;303;1;18;12,08;946,2;12/10/2025;17/10/2025;1
50621;08/09/2025;10232;20061;1;Web;Gopack;Alta;795;1;26;14,41;306,84;09/09/2025;11/09/2025;1
50622;15/03/2026;10258;20012;1;Web;Blueship;Normal;5;5;39;4,71;27,68;20/03/2026;20/03/2026;0
50623;26/05/2025;10212;20073;5;Tienda;Rapidex;Normal;223;5;24;10,27;1867,25;31/05/2025;31/05/2025;0
50624;29/12/2025;10173;20005;1;App;Gopack;Alta;155;5;13;5,27;194,6;03/01/2026;08/01/2026;1
50625;30/08/2025;10108;20071;1;Tienda;Transnova;Normal;508;1;21;10,38;293,81;31/08/2025;06/09/2025;1
50626;17/06/2026;10176;20055;4;Web;Gopack;Normal;570;1;26;15,77;1537;18/06/2026;21/06/2026;1
50627;30/11/2025;10181;20001;1;Web;Gopack;Normal;397;2;6;9,83;206,16;02/12/2025;03/12/2025;1
50628;20/03/2025;10053;20026;1;Web;Transnova;Normal;558;3;13;11,67;57,81;23/03/2025;29/03/2025;1
50629;27/12/2025;10232;20049;5;Tienda;Blueship;Normal;288;5;6;11,09;666,1;01/01/2026;01/01/2026;0
50630;04/06/2025;10067;20022;2;App;Rapidex;Alta;454;5;15;7,53;279,26;09/06/2025;14/06/2025;1
50631;03/08/2025;10171;20007;5;App;Rapidex;Alta;323;5;14;8,4;609,85;08/08/2025;14/08/2025;1
50632;10/05/2025;10231;20039;4;Tienda;Transnova;Normal;641;2;15;16,21;394;12/05/2025;13/05/2025;1
50633;23/06/2025;10100;20059;2;Web;Gopack;Normal;185;4;7;11,99;465,4;27/06/2025;27/06/2025;0
50634;09/03/2026;10095;20065;2;Tienda;Transnova;Normal;26;5;16;4,1;291,24;14/03/2026;14/03/2026;0
50635;02/03/2026;10087;20018;3;Tienda;Transnova;Normal;340;5;19;8,84;428,04;07/03/2026;07/03/2026;0
50636;17/05/2026;10096;20056;2;Web;Transnova;Normal;232;5;19;9,55;183,94;22/05/2026;22/05/2026;0
50637;02/11/2025;10116;20069;4;App;Rapidex;Normal;535;3;3;13,51;1184,36;05/11/2025;05/11/2025;0
50638;16/07/2025;10209;20034;4;Tienda;Rapidex;Normal;565;2;22;16,59;1027,28;18/07/2025;22/07/2025;1
50639;28/02/2026;10108;20015;5;App;Transnova;Normal;430;3;29;13,08;836,95;03/03/2026;05/03/2026;1
50640;24/01/2025;10058;20042;5;Tienda;Gopack;Normal;5;3;26;8,38;942,05;27/01/2025;31/01/2025;1
50641;02/03/2026;10209;20027;3;Web;Rapidex;Normal;645;4;0;14,55;342,06;06/03/2026;08/03/2026;1
50642;20/06/2025;10035;20070;1;Web;Rapidex;Normal;5;1;11;4,49;342,18;21/06/2025;21/06/2025;0
50643;27/10/2025;10089;20060;1;App;Rapidex;Normal;125;1;21;6,12;149,55;28/10/2025;28/10/2025;0
50644;11/05/2025;10175;20051;3;Web;Gopack;Normal;445;1;2;6,45;986,19;12/05/2025;16/05/2025;1
50645;31/07/2025;10233;20074;5;App;Blueship;Normal;475;1;14;16,22;1313,7;01/08/2025;06/08/2025;1
50646;12/01/2025;10058;20038;2;Web;Gopack;Normal;120;4;19;5,87;260,88;16/01/2025;16/01/2025;0
50647;26/03/2026;10022;20047;4;Web;Blueship;Normal;164;5;26;4,72;1129,64;31/03/2026;31/03/2026;0
50648;24/02/2026;10068;20032;1;Web;Rapidex;Normal;616;4;20;13,96;145,37;28/02/2026;02/03/2026;1
50649;26/09/2025;10010;20058;5;Tienda;Transnova;Normal;5;1;8;8,9;538,45;27/09/2025;27/09/2025;0
50650;02/05/2026;10144;20006;1;Web;Rapidex;Alta;437;4;2;9,4;48,66;06/05/2026;06/05/2026;0
50651;27/08/2025;10070;20067;2;Tienda;Gopack;Normal;136;4;20;6,02;729,22;31/08/2025;31/08/2025;0
50652;04/07/2026;10142;20006;3;App;Rapidex;Normal;597;1;11;13,81;145,98;05/07/2026;10/07/2026;1
50653;08/01/2025;10188;20059;1;Web;Rapidex;Normal;334;3;19;6,86;232,7;11/01/2025;11/01/2025;0
50654;08/11/2025;10140;20065;2;Tienda;Transnova;Normal;743;5;11;15,7;291,24;13/11/2025;16/11/2025;1
50655;05/03/2026;10116;20024;2;Tienda;Transnova;Normal;262;3;2;5,16;415;08/03/2026;08/03/2026;0
50656;08/06/2026;10023;20072;1;App;Blueship;Normal;5;1;29;3,74;263,43;09/06/2026;11/06/2026;1
50657;21/07/2025;10165;20019;2;Web;Rapidex;Normal;530;3;1;10,34;684,26;24/07/2025;24/07/2025;0
50658;30/11/2025;10117;20061;5;Web;Rapidex;Alta;480;5;0;13,19;1534,2;05/12/2025;06/12/2025;1
50659;11/08/2025;10253;20008;3;App;Transnova;Normal;5;3;11;5,57;706,38;14/08/2025;18/08/2025;1
50660;02/09/2025;10197;20073;2;Tienda;Gopack;Normal;5;3;18;4,88;746,9;05/09/2025;05/09/2025;0
50661;08/01/2025;10103;20051;2;Tienda;Gopack;Alta;112;5;15;6,51;657,46;13/01/2025;13/01/2025;0
50662;05/11/2025;10163;20006;3;Web;Blueship;Normal;252;4;19;10,26;145,98;09/11/2025;15/11/2025;1
50663;25/10/2025;10225;20075;1;App;Blueship;Normal;380;2;18;9,94;185,34;27/10/2025;28/10/2025;1
50664;08/05/2026;10152;20073;5;App;Rapidex;Normal;179;4;12;10,75;1867,25;12/05/2026;12/05/2026;0
50665;09/04/2025;10216;20003;3;Tienda;Gopack;Alta;247;5;23;6,01;766,26;14/04/2025;20/04/2025;1
50666;23/01/2025;10205;20042;3;App;Gopack;Normal;287;1;9;8,05;565,23;24/01/2025;24/01/2025;0
50667;03/06/2025;10062;20031;3;Web;Blueship;Normal;182;5;22;8,69;102,36;08/06/2025;08/06/2025;0
50668;08/06/2026;10235;20059;5;App;Rapidex;Normal;468;4;16;13,69;1163,5;12/06/2026;12/06/2026;0
50669;05/03/2026;10221;20056;2;Tienda;Transnova;Normal;204;3;35;5,79;183,94;08/03/2026;08/03/2026;0
50670;10/03/2025;10061;20021;4;App;Blueship;Normal;279;1;16;10,41;576,6;11/03/2025;11/03/2025;0
50671;02/02/2025;10177;20006;4;Tienda;Gopack;Normal;430;5;21;13,11;194,64;07/02/2025;07/02/2025;0
50672;22/02/2025;10077;20041;5;App;Rapidex;Normal;186;4;12;10,72;310,85;26/02/2025;01/03/2025;1
50673;22/05/2026;10059;20032;5;App;Rapidex;Normal;186;4;20;13,12;726,85;26/05/2026;26/05/2026;0
50674;01/03/2026;10199;20074;3;Tienda;Transnova;Normal;202;4;11;8,93;788,22;05/03/2026;05/03/2026;0
50675;13/07/2025;10037;20063;1;Tienda;Transnova;Normal;394;4;45;9,18;236,55;17/07/2025;17/07/2025;0
50676;17/05/2026;10125;20013;3;Web;Rapidex;Alta;533;2;22;14,65;173,07;19/05/2026;21/05/2026;1
50677;19/10/2025;10160;20055;4;App;Transnova;Normal;384;4;32;12,64;1537;23/10/2025;23/10/2025;0
50678;27/08/2025;10134;20027;3;App;Transnova;Normal;218;3;16;10,52;342,06;30/08/2025;30/08/2025;0
50679;25/12/2025;10110;20045;3;Tienda;Blueship;Normal;531;5;28;11,74;854,58;30/12/2025;02/01/2026;1
50680;02/08/2025;10227;20019;5;Tienda;Gopack;Normal;227;5;25;10,07;1710,65;07/08/2025;07/08/2025;0
50681;26/06/2026;10156;20072;3;Tienda;Gopack;Normal;465;4;6;14,2;790,29;30/06/2026;01/07/2026;1
50682;06/01/2025;10223;20055;3;App;Blueship;Alta;413;2;30;11,86;1152,75;08/01/2025;12/01/2025;1
50683;20/11/2025;10074;20036;5;Tienda;Transnova;Normal;236;3;4;8,79;1241;23/11/2025;23/11/2025;0
50684;16/04/2025;10183;20035;2;Tienda;Gopack;Normal;554;5;22;11,98;422,94;21/04/2025;21/04/2025;0
50685;28/10/2025;10240;20005;4;App;Blueship;Normal;5;2;34;2,55;778,4;30/10/2025;30/10/2025;0
50686;01/01/2026;10219;20067;1;Web;Blueship;Normal;258;5;20;6,79;364,61;06/01/2026;07/01/2026;1
50687;04/01/2026;10235;20028;4;Tienda;Gopack;Normal;532;2;25;12,94;290,4;06/01/2026;12/01/2026;1
50688;17/05/2025;10167;20003;1;Web;Rapidex;Normal;465;3;8;7,55;255,42;20/05/2025;24/05/2025;1
50689;29/04/2026;10208;20039;4;Web;Rapidex;Alta;434;2;30;12,42;394;01/05/2026;07/05/2026;1
50690;15/09/2025;10165;20013;2;Web;Blueship;Normal;606;1;35;15,98;115,38;16/09/2025;22/09/2025;1
50691;24/05/2025;10211;20025;2;Tienda;Rapidex;Normal;527;5;22;12,05;643,98;29/05/2025;29/05/2025;0
50692;19/02/2025;10102;20028;4;Tienda;Blueship;Normal;580;2;21;13,3;290,4;21/02/2025;21/02/2025;0
50693;08/02/2026;10085;20010;1;Web;Gopack;Alta;230;3;11;6,36;181,15;11/02/2026;11/02/2026;0
50694;25/03/2025;10001;20009;4;Web;Blueship;Normal;166;3;31;8,2;1576,12;28/03/2025;28/03/2025;0
50695;26/06/2025;10083;20075;5;Tienda;Rapidex;Normal;27;1;4;6,74;926,7;27/06/2025;27/06/2025;0
50696;29/06/2026;10203;20051;4;App;Rapidex;Normal;116;5;27;9,16;1314,92;04/07/2026;04/07/2026;0
50697;06/09/2025;10233;20061;5;App;Blueship;Alta;206;1;10;11,25;1534,2;07/09/2025;10/09/2025;1
50698;04/09/2025;10056;20027;3;Tienda;Transnova;Normal;5;5;9;4,22;342,06;09/09/2025;09/09/2025;0
50699;22/08/2025;10254;20061;5;Web;Transnova;Normal;501;4;7;12,01;1534,2;26/08/2025;31/08/2025;1
50700;21/12/2025;10254;20061;4;App;Rapidex;Normal;193;3;14;7,1;1227,36;24/12/2025;24/12/2025;0
50701;26/11/2025;10199;20053;2;Web;Blueship;Normal;657;1;24;12,15;725,86;27/11/2025;03/12/2025;1
50702;14/06/2025;10045;20045;2;App;Gopack;Alta;234;2;24;8,81;569,72;16/06/2025;16/06/2025;0
50703;06/09/2025;10233;20068;1;App;Blueship;Normal;22;2;15;2,5;129,39;08/09/2025;08/09/2025;0
50704;30/05/2026;10006;20005;3;Tienda;Rapidex;Alta;363;3;20;8,85;583,8;02/06/2026;07/06/2026;1
50705;04/03/2025;10110;20004;4;App;Transnova;Normal;304;5;19;8,02;1495,68;09/03/2025;11/03/2025;1
50706;20/07/2025;10231;20026;5;App;Rapidex;Normal;5;1;30;6,7;289,05;21/07/2025;21/07/2025;0
50707;16/07/2025;10230;20025;5;Web;Rapidex;Alta;174;5;8;10,89;1609,95;21/07/2025;21/07/2025;0
50708;09/06/2026;10060;20058;3;App;Gopack;Normal;45;4;5;9,53;323,07;13/06/2026;13/06/2026;0
50709;13/11/2025;10142;20031;5;Tienda;Transnova;Normal;400;3;11;12,69;170,6;16/11/2025;16/11/2025;0
50710;15/04/2025;10078;20073;3;App;Transnova;Normal;5;3;19;9,91;1120,35;18/04/2025;18/04/2025;0
50711;16/03/2025;10104;20035;2;Tienda;Blueship;Normal;126;1;24;5,47;422,94;17/03/2025;17/03/2025;0
50712;14/05/2026;10137;20032;2;Tienda;Transnova;Normal;369;5;8;11,67;290,74;19/05/2026;20/05/2026;1
50713;02/03/2026;10118;20021;1;Web;Rapidex;Alta;346;5;18;9,9;144,15;07/03/2026;10/03/2026;1
50714;18/04/2026;10141;20034;3;Tienda;Gopack;Normal;301;5;17;12,45;770,46;23/04/2026;23/04/2026;0
50715;05/03/2025;10098;20052;3;Web;Transnova;Normal;5;1;23;7,14;197,58;06/03/2025;06/03/2025;0
50716;30/01/2025;10253;20021;1;Web;Rapidex;Normal;423;4;15;8,06;144,15;03/02/2025;03/02/2025;0
50717;24/04/2026;10146;20044;5;Web;Transnova;Normal;582;2;30;13,68;440,1;26/04/2026;29/04/2026;1
50718;29/06/2026;10049;20003;4;Web;Gopack;Normal;404;4;25;11,33;1021,68;03/07/2026;03/07/2026;0
50719;11/12/2025;10177;20038;5;Tienda;Rapidex;Normal;5;4;35;7,3;652,2;15/12/2025;15/12/2025;0
50720;24/05/2025;10125;20064;2;Web;Gopack;Normal;516;4;22;10,18;786,28;28/05/2025;03/06/2025;1
50721;08/01/2026;10178;20017;2;Tienda;Blueship;Normal;318;4;25;11,39;90,52;12/01/2026;16/01/2026;1
50722;09/02/2025;10018;20002;2;App;Gopack;Normal;310;4;33;12,13;200,92;13/02/2025;13/02/2025;0
50723;07/05/2025;10209;20003;2;Tienda;Blueship;Alta;95;1;33;4,39;510,84;08/05/2025;08/05/2025;0
50724;06/05/2025;10236;20024;2;Web;Blueship;Normal;248;5;13;11,82;415;11/05/2025;14/05/2025;1
50725;30/06/2026;10168;20065;4;Tienda;Transnova;Normal;270;5;29;14,3;582,48;05/07/2026;05/07/2026;0
50726;03/02/2026;10205;20007;3;Web;Gopack;Normal;369;5;9;11,54;365,91;08/02/2026;08/02/2026;0
50727;25/08/2025;10252;20028;1;App;Rapidex;Normal;256;1;26;7,97;72,6;26/08/2025;26/08/2025;0
50728;18/10/2025;10007;20042;4;Web;Rapidex;Normal;501;2;6;8,81;753,64;20/10/2025;23/10/2025;1
50729;24/10/2025;10186;20045;4;Tienda;Blueship;Normal;405;5;27;12,81;1139,44;29/10/2025;30/10/2025;1
50730;11/01/2025;10065;20035;1;App;Transnova;Normal;368;4;6;10,25;211,47;15/01/2025;18/01/2025;1
50731;01/07/2026;10070;20041;5;Web;Blueship;Normal;299;2;10;12,92;310,85;03/07/2026;04/07/2026;1
50732;12/04/2025;10137;20030;4;Tienda;Transnova;Normal;306;1;3;8,65;1209,76;13/04/2025;16/04/2025;1
50733;26/10/2025;10133;20020;2;App;Blueship;Normal;265;2;14;11,13;549,02;28/10/2025;29/10/2025;1
50734;24/04/2025;10231;20066;3;Tienda;Transnova;Normal;263;4;15;10,83;947,97;28/04/2025;29/04/2025;1
50735;15/11/2025;10036;20007;5;Tienda;Rapidex;Normal;182;4;14;11,09;609,85;19/11/2025;20/11/2025;1
50736;12/02/2026;10004;20038;1;App;Rapidex;Normal;6;3;9;2,5;130,44;15/02/2026;15/02/2026;0
50737;27/01/2026;10256;20051;1;Web;Rapidex;Normal;484;4;36;12,02;328,73;31/01/2026;31/01/2026;0
50738;06/02/2025;10145;20069;1;Web;Rapidex;Normal;332;1;21;6,28;296,09;07/02/2025;09/02/2025;1
50739;27/11/2025;10211;20031;3;App;Blueship;Normal;176;4;4;9,26;102,36;01/12/2025;03/12/2025;1
50740;05/05/2026;10092;20060;2;Tienda;Transnova;Alta;102;3;13;4,44;299,1;08/05/2026;08/05/2026;0
50741;07/02/2025;10229;20031;1;Web;Rapidex;Normal;5;2;36;3,01;34,12;09/02/2025;13/02/2025;1
50742;20/04/2025;10123;20042;4;App;Transnova;Alta;5;4;17;6;753,64;24/04/2025;24/04/2025;0
50743;14/05/2025;10166;20044;1;App;Gopack;Alta;202;1;7;2,58;88,02;15/05/2025;15/05/2025;0
50744;16/05/2026;10120;20056;3;Web;Gopack;Normal;635;3;17;11,54;275,91;19/05/2026;25/05/2026;1
50745;25/01/2025;10186;20048;3;Web;Transnova;Normal;435;4;17;9,3;719,22;29/01/2025;01/02/2025;1
50746;04/12/2025;10059;20060;4;Web;Gopack;Normal;239;4;27;10,44;598,2;08/12/2025;09/12/2025;1
50747;01/07/2026;10151;20055;4;App;Rapidex;Normal;389;4;13;7,98;1537;05/07/2026;05/07/2026;0
50748;12/05/2025;10149;20020;5;Tienda;Blueship;Normal;5;1;16;5,31;1372,55;13/05/2025;14/05/2025;1
50749;25/05/2026;10060;20062;5;App;Rapidex;Normal;587;1;2;16,24;715,95;26/05/2026;01/06/2026;1
50750;01/07/2025;10203;20002;4;Tienda;Transnova;Normal;261;5;26;10,67;401,84;06/07/2025;09/07/2025;1
50751;20/03/2026;10170;20048;2;Web;Transnova;Normal;217;5;14;3,9;479,48;25/03/2026;25/03/2026;0
50752;26/03/2025;10094;20016;2;Tienda;Blueship;Normal;367;2;31;10,29;23,02;28/03/2025;31/03/2025;1
50753;13/11/2025;10164;20058;4;Tienda;Gopack;Normal;449;5;17;14,83;430,76;18/11/2025;18/11/2025;0
50754;08/02/2025;10153;20012;4;App;Rapidex;Alta;182;5;23;8,26;110,72;13/02/2025;13/02/2025;0
50755;15/08/2025;10223;20064;3;Tienda;Gopack;Normal;305;4;21;8,2;1179,42;19/08/2025;19/08/2025;0
50756;25/12/2025;10205;20074;3;Tienda;Gopack;Normal;282;4;34;6,89;788,22;29/12/2025;29/12/2025;0
50757;29/12/2025;10188;20054;5;Tienda;Transnova;Normal;317;1;29;11,69;447,8;30/12/2025;01/01/2026;1
50758;17/01/2026;10174;20067;5;Tienda;Transnova;Normal;402;5;25;10,86;1823,05;22/01/2026;28/01/2026;1
50759;09/05/2026;10017;20038;1;Web;Rapidex;Normal;82;3;22;2,93;130,44;12/05/2026;12/05/2026;0
50760;10/07/2025;10245;20066;5;Web;Gopack;Normal;383;2;32;12,79;1579,95;12/07/2025;16/07/2025;1
50761;16/08/2025;10175;20052;3;Web;Gopack;Alta;5;2;21;5,58;197,58;18/08/2025;18/08/2025;0
50762;26/01/2025;10160;20039;3;Web;Rapidex;Normal;480;5;12;9,27;295,5;31/01/2025;06/02/2025;1
50763;09/03/2025;10186;20003;4;Tienda;Transnova;Normal;202;3;13;7,2;1021,68;12/03/2025;12/03/2025;0
50764;13/09/2025;10095;20028;4;Web;Gopack;Alta;330;1;24;11,15;290,4;14/09/2025;16/09/2025;1
50765;16/08/2025;10087;20025;2;Tienda;Blueship;Normal;142;2;30;5,83;643,98;18/08/2025;18/08/2025;0
50766;05/01/2025;10141;20016;4;App;Gopack;Normal;468;4;2;14,76;46,04;09/01/2025;13/01/2025;1
50767;09/08/2025;10146;20055;2;App;Blueship;Alta;580;1;6;11,04;768,5;10/08/2025;15/08/2025;1
50768;03/06/2026;10023;20058;3;App;Transnova;Normal;430;1;0;11,15;323,07;04/06/2026;09/06/2026;1
50769;09/04/2026;10119;20055;5;App;Blueship;Normal;227;3;12;13,04;1921,25;12/04/2026;15/04/2026;1
50770;15/02/2025;10063;20038;3;App;Gopack;Normal;351;3;14;12,82;391,32;18/02/2025;20/02/2025;1
50771;04/04/2025;10157;20002;2;Web;Rapidex;Normal;204;1;21;7,74;200,92;05/04/2025;05/04/2025;0
50772;11/01/2026;10016;20026;4;Web;Blueship;Normal;369;2;9;8,03;231,24;13/01/2026;15/01/2026;1
50773;03/03/2026;10142;20011;2;Web;Transnova;Normal;307;5;11;9,59;662,4;08/03/2026;11/03/2026;1
50774;18/01/2026;10122;20063;4;App;Blueship;Normal;510;5;12;11,53;946,2;23/01/2026;23/01/2026;0
50775;18/05/2026;10022;20070;1;App;Rapidex;Normal;503;1;15;10,53;342,18;19/05/2026;20/05/2026;1
50776;14/03/2026;10204;20031;5;App;Transnova;Normal;11;2;36;9,86;170,6;16/03/2026;16/03/2026;0
50777;16/07/2025;10256;20039;2;App;Rapidex;Normal;427;3;31;7,27;197;19/07/2025;19/07/2025;0
50778;02/05/2026;10199;20062;5;App;Blueship;Normal;136;3;12;9;715,95;05/05/2026;05/05/2026;0
50779;14/03/2026;10189;20048;1;App;Blueship;Normal;464;1;25;9,88;239,74;15/03/2026;18/03/2026;1
50780;04/03/2025;10157;20068;5;Tienda;Gopack;Alta;136;2;10;13,24;646,95;06/03/2025;12/03/2025;1
50781;07/01/2025;10220;20035;3;App;Blueship;Normal;406;4;16;9,73;634,41;11/01/2025;15/01/2025;1
50782;10/09/2025;10031;20058;2;App;Gopack;Normal;71;2;21;4,01;215,38;12/09/2025;12/09/2025;0
50783;10/04/2025;10129;20039;1;App;Blueship;Alta;542;3;10;10,91;98,5;13/04/2025;14/04/2025;1
50784;07/11/2025;10158;20068;4;App;Rapidex;Normal;322;5;18;12,06;517,56;12/11/2025;16/11/2025;1
50785;07/03/2025;10231;20044;1;Web;Blueship;Normal;833;2;15;12,94;88,02;09/03/2025;15/03/2025;1
50786;01/11/2025;10129;20004;1;Web;Rapidex;Normal;413;3;16;11,53;373,92;04/11/2025;04/11/2025;0
50787;24/10/2025;10254;20071;4;Tienda;Gopack;Alta;323;1;18;12,71;1175,24;25/10/2025;29/10/2025;1
50788;14/09/2025;10209;20015;1;Tienda;Rapidex;Normal;370;1;3;8,34;167,39;15/09/2025;20/09/2025;1
50789;10/02/2026;10069;20020;3;Web;Gopack;Normal;327;5;17;12,18;823,53;15/02/2026;15/02/2026;0
50790;14/01/2025;10061;20062;1;Tienda;Gopack;Normal;646;2;7;11,33;143,19;16/01/2025;18/01/2025;1
50791;10/07/2025;10118;20021;4;App;Transnova;Normal;493;1;14;13,84;576,6;11/07/2025;13/07/2025;1
50792;09/03/2025;10219;20060;4;Tienda;Transnova;Normal;218;3;19;10,98;598,2;12/03/2025;12/03/2025;0
50793;29/09/2025;10211;20036;4;Tienda;Rapidex;Normal;383;4;20;10,26;992,8;03/10/2025;09/10/2025;1
50794;03/06/2026;10115;20075;5;App;Gopack;Alta;314;4;14;11,29;926,7;07/06/2026;13/06/2026;1
50795;17/04/2026;10191;20018;5;Web;Blueship;Normal;416;2;29;13,14;713,4;19/04/2026;19/04/2026;0
50796;23/04/2026;10033;20006;3;Web;Gopack;Alta;146;2;22;5,24;145,98;25/04/2026;25/04/2026;0
50797;03/05/2025;10120;20024;4;App;Transnova;Normal;318;2;0;9,06;830;05/05/2025;08/05/2025;1
50798;24/06/2025;10115;20032;1;Tienda;Blueship;Alta;39;2;26;3,84;145,37;26/06/2025;26/06/2025;0
50799;07/03/2025;10095;20022;2;Tienda;Gopack;Normal;179;4;19;7,25;279,26;11/03/2025;11/03/2025;0
50800;24/07/2025;10043;20061;4;App;Blueship;Normal;144;5;9;9,86;1227,36;29/07/2025;29/07/2025;0
50801;22/10/2025;10207;20060;3;Web;Gopack;Alta;408;5;33;12,54;448,65;27/10/2025;28/10/2025;1
50802;03/10/2025;10103;20058;4;Tienda;Gopack;Alta;5;1;38;6,58;430,76;04/10/2025;04/10/2025;0
50803;23/07/2025;10204;20075;2;Web;Gopack;Normal;499;1;10;11,22;370,68;24/07/2025;24/07/2025;0
50804;19/02/2025;10089;20049;2;App;Gopack;Normal;129;3;9;3,87;266,44;22/02/2025;22/02/2025;0
50805;30/09/2025;10113;20013;5;Web;Rapidex;Normal;5;5;4;11,02;288,45;05/10/2025;05/10/2025;0
50806;23/06/2026;10222;20041;2;App;Rapidex;Normal;416;1;8;5,67;124,34;24/06/2026;29/06/2026;1
50807;01/03/2026;10074;20061;3;Tienda;Rapidex;Normal;93;1;16;9,9;920,52;02/03/2026;02/03/2026;0
50808;02/02/2026;10176;20037;4;App;Gopack;Normal;739;5;22;16,92;1647,08;07/02/2026;12/02/2026;1
50809;13/01/2025;10226;20031;2;App;Transnova;Normal;626;2;19;13,76;68,24;15/01/2025;18/01/2025;1
50810;14/05/2025;10161;20039;4;App;Transnova;Alta;5;5;20;9,4;394;19/05/2025;20/05/2025;1
50811;02/07/2025;10051;20041;3;Web;Blueship;Normal;211;2;29;7,57;186,51;04/07/2025;09/07/2025;1
50812;24/07/2025;10255;20015;3;Web;Rapidex;Normal;222;1;20;8,19;502,17;25/07/2025;25/07/2025;0
50813;26/02/2025;10065;20048;2;App;Transnova;Normal;33;1;23;5,29;479,48;27/02/2025;05/03/2025;1
50814;23/02/2026;10104;20010;2;App;Transnova;Normal;324;1;15;9,34;362,3;24/02/2026;28/02/2026;1
50815;15/06/2026;10164;20013;2;App;Gopack;Normal;348;1;0;11,6;115,38;16/06/2026;21/06/2026;1
50816;14/10/2025;10170;20023;4;Web;Transnova;Normal;81;4;13;8,93;1266;18/10/2025;18/10/2025;0
50817;24/12/2025;10209;20071;1;Web;Blueship;Alta;541;2;32;10,42;293,81;26/12/2025;28/12/2025;1
50818;27/04/2026;10183;20049;1;App;Transnova;Normal;249;2;19;8,63;133,22;29/04/2026;29/04/2026;0
50819;21/04/2025;10080;20069;5;App;Blueship;Normal;549;4;12;13,11;1480,45;25/04/2025;25/04/2025;0
50820;01/09/2025;10223;20010;3;Web;Rapidex;Normal;343;1;25;10,43;543,45;02/09/2025;03/09/2025;1
50821;20/05/2025;10044;20073;5;App;Gopack;Normal;396;1;25;13,94;1867,25;21/05/2025;21/05/2025;0
50822;10/06/2025;10222;20059;5;App;Gopack;Normal;206;1;25;8,12;1163,5;11/06/2025;11/06/2025;0
50823;07/02/2025;10259;20041;3;Tienda;Gopack;Normal;729;3;13;14,8;186,51;10/02/2025;16/02/2025;1
50824;12/02/2025;10155;20058;4;App;Transnova;Normal;446;3;9;13,04;430,76;15/02/2025;21/02/2025;1
50825;20/03/2025;10240;20008;3;Tienda;Transnova;Normal;482;5;23;12,13;706,38;25/03/2025;28/03/2025;1
50826;16/09/2025;10128;20041;2;Tienda;Blueship;Normal;5;3;4;2,5;124,34;19/09/2025;19/09/2025;0
50827;16/06/2025;10230;20070;4;Tienda;Transnova;Normal;100;5;17;8,24;1368,72;21/06/2025;21/06/2025;0
50828;03/11/2025;10196;20001;1;Web;Rapidex;Normal;5;2;17;2,5;206,16;05/11/2025;05/11/2025;0
50829;04/02/2026;10080;20022;1;Web;Transnova;Alta;119;5;18;6,75;139,63;09/02/2026;09/02/2026;0
50830;15/06/2025;10209;20066;1;Tienda;Gopack;Normal;771;4;14;14,19;315,99;19/06/2025;23/06/2025;1
50831;26/04/2026;10010;20016;3;App;Rapidex;Normal;240;2;14;10,59;34,53;28/04/2026;04/05/2026;1
50832;18/05/2025;10107;20069;1;Tienda;Rapidex;Normal;218;5;15;6,86;296,09;23/05/2025;23/05/2025;0
50833;17/07/2025;10039;20017;2;Tienda;Gopack;Normal;244;5;2;10,08;90,52;22/07/2025;22/07/2025;0
50834;23/05/2025;10046;20054;2;Web;Gopack;Normal;301;4;22;10,95;179,12;27/05/2025;30/05/2025;1
50835;04/06/2026;10111;20074;3;Tienda;Blueship;Normal;397;2;26;9,6;788,22;06/06/2026;06/06/2026;0
50836;21/05/2026;10233;20008;2;Web;Gopack;Normal;5;2;15;4,01;470,92;23/05/2026;23/05/2026;0
50837;02/05/2025;10030;20001;5;App;Rapidex;Normal;646;1;31;14,1;1030,8;03/05/2025;08/05/2025;1
50838;15/05/2025;10230;20009;1;Tienda;Rapidex;Normal;369;1;26;9,69;394,03;16/05/2025;16/05/2025;0
50839;08/10/2025;10132;20051;3;Web;Blueship;Normal;87;2;27;5,29;986,19;10/10/2025;10/10/2025;0
50840;22/05/2026;10074;20064;3;Web;Gopack;Normal;22;5;29;6,59;1179,42;27/05/2026;27/05/2026;0
50841;22/04/2026;10015;20024;4;Web;Gopack;Alta;224;5;11;11,09;830;27/04/2026;27/04/2026;0
50842;20/08/2025;10081;20022;2;Web;Transnova;Normal;266;2;21;8,61;279,26;22/08/2025;25/08/2025;1
50843;21/01/2025;10013;20056;5;Tienda;Gopack;Alta;380;2;6;11,35;459,85;23/01/2025;26/01/2025;1
50844;25/07/2025;10122;20045;2;Web;Transnova;Normal;505;1;28;12,67;569,72;26/07/2025;27/07/2025;1
50845;27/05/2025;10098;20047;1;Web;Gopack;Normal;344;5;21;8,09;282,41;01/06/2025;01/06/2025;0
50846;17/11/2025;10112;20063;1;Web;Rapidex;Normal;123;2;20;4,78;236,55;19/11/2025;19/11/2025;0
50847;28/09/2025;10240;20018;2;Tienda;Rapidex;Alta;631;1;28;7,98;285,36;29/09/2025;29/09/2025;0
50848;18/03/2025;10234;20073;3;App;Gopack;Normal;5;2;1;7,76;1120,35;20/03/2025;25/03/2025;1
50849;17/06/2026;10096;20073;1;Web;Blueship;Normal;116;2;21;7,02;373,45;19/06/2026;19/06/2026;0
50850;29/03/2026;10191;20073;2;Web;Gopack;Alta;5;2;22;7,25;746,9;31/03/2026;05/04/2026;1
50851;14/06/2025;10084;20030;4;Tienda;Blueship;Alta;67;2;18;4,55;1209,76;16/06/2025;16/06/2025;0
50852;14/02/2025;10251;20017;3;App;Blueship;Alta;98;3;13;4,33;135,78;17/02/2025;17/02/2025;0
50853;17/06/2026;10048;20002;3;Tienda;Gopack;Normal;329;3;18;6,02;301,38;20/06/2026;20/06/2026;0
50854;03/07/2025;10204;20056;1;App;Rapidex;Normal;83;3;18;7,47;91,97;06/07/2025;06/07/2025;0
50855;08/03/2025;10086;20033;4;Tienda;Rapidex;Normal;209;2;18;7,36;644,84;10/03/2025;14/03/2025;1
50856;07/02/2026;10081;20008;3;Tienda;Gopack;Alta;465;3;11;6,48;706,38;10/02/2026;13/02/2026;1
50857;03/04/2026;10101;20007;5;App;Transnova;Normal;456;1;26;11;609,85;04/04/2026;04/04/2026;0
50858;07/02/2026;10153;20063;1;Tienda;Rapidex;Normal;196;2;11;4;236,55;09/02/2026;09/02/2026;0
50859;11/05/2026;10083;20035;3;App;Gopack;Normal;243;1;12;8,87;634,41;12/05/2026;12/05/2026;0
50860;08/05/2026;10132;20038;3;Web;Rapidex;Normal;646;3;17;16,35;391,32;11/05/2026;13/05/2026;1
50861;26/12/2025;10039;20043;1;Web;Rapidex;Normal;740;1;13;13,37;65,51;27/12/2025;27/12/2025;0
50862;18/03/2025;10050;20056;3;App;Blueship;Normal;98;2;17;2,65;275,91;20/03/2025;26/03/2025;1
50863;30/08/2025;10176;20001;5;App;Gopack;Normal;416;1;0;15,04;1030,8;31/08/2025;03/09/2025;1
50864;21/11/2025;10169;20043;2;App;Transnova;Normal;155;4;15;3,45;131,02;25/11/2025;28/11/2025;1
50865;09/06/2025;10130;20002;2;App;Gopack;Normal;698;5;9;10,3;200,92;14/06/2025;17/06/2025;1
50866;13/02/2026;10074;20033;4;Tienda;Transnova;Normal;343;1;17;9,85;644,84;14/02/2026;14/02/2026;0
50867;02/10/2025;10240;20005;5;Tienda;Gopack;Normal;668;2;24;17,94;973;04/10/2025;06/10/2025;1
50868;18/08/2025;10151;20033;4;App;Rapidex;Normal;191;3;39;9,28;644,84;21/08/2025;22/08/2025;1
50869;29/12/2025;10147;20032;2;Tienda;Rapidex;Normal;353;4;0;9,79;290,74;02/01/2026;02/01/2026;0
50870;19/05/2026;10223;20036;3;Web;Rapidex;Normal;140;5;23;10,29;744,6;24/05/2026;24/05/2026;0
50871;04/11/2025;10191;20036;2;Tienda;Gopack;Alta;85;5;17;7,13;496,4;09/11/2025;10/11/2025;1
50872;17/06/2025;10152;20045;4;Web;Transnova;Normal;216;2;38;11,5;1139,44;19/06/2025;19/06/2025;0
50873;22/09/2025;10231;20020;2;Tienda;Gopack;Normal;753;2;10;15,29;549,02;24/09/2025;28/09/2025;1
50874;28/05/2026;10040;20002;4;Tienda;Rapidex;Normal;536;3;21;13,54;401,84;31/05/2026;05/06/2026;1
50875;15/01/2025;10132;20057;3;App;Blueship;Normal;108;3;13;7,97;697,23;18/01/2025;20/01/2025;1
50876;05/07/2026;10163;20042;4;App;Rapidex;Alta;191;4;12;7,24;753,64;09/07/2026;09/07/2026;0
50877;29/05/2026;10131;20025;5;Web;Transnova;Alta;282;2;35;13,42;1609,95;31/05/2026;01/06/2026;1
50878;02/06/2026;10011;20012;2;Web;Blueship;Normal;161;1;0;5,24;55,36;03/06/2026;03/06/2026;0
50879;27/06/2026;10097;20006;2;Tienda;Transnova;Normal;547;4;6;11,49;97,32;01/07/2026;02/07/2026;1
50880;08/10/2025;10227;20037;1;App;Blueship;Alta;5;3;20;8,84;411,77;11/10/2025;11/10/2025;0
50881;29/04/2026;10204;20034;5;Web;Gopack;Normal;388;5;11;13,79;1284,1;04/05/2026;04/05/2026;0
50882;19/03/2026;10199;20054;1;Tienda;Gopack;Normal;449;5;21;9,14;89,56;24/03/2026;26/03/2026;1
50883;24/12/2025;10048;20007;4;App;Rapidex;Alta;97;5;32;8,88;487,88;29/12/2025;29/12/2025;0
50884;05/05/2025;10038;20057;1;Web;Gopack;Normal;5;2;10;3,73;232,41;07/05/2025;07/05/2025;0
50885;16/06/2026;10039;20033;3;Tienda;Transnova;Alta;335;5;25;10,41;483,63;21/06/2026;24/06/2026;1
50886;21/02/2026;10022;20073;3;Web;Gopack;Normal;162;4;24;4,06;1120,35;25/02/2026;25/02/2026;0
50887;13/03/2025;10220;20068;4;App;Rapidex;Normal;523;1;34;14,79;517,56;14/03/2025;16/03/2025;1
50888;25/10/2025;10043;20025;4;App;Transnova;Normal;306;2;11;10,36;1287,96;27/10/2025;29/10/2025;1
50889;08/04/2025;10210;20015;1;App;Blueship;Normal;493;2;35;9,6;167,39;10/04/2025;15/04/2025;1
50890;20/12/2025;10165;20069;3;Tienda;Blueship;Normal;106;4;3;5,12;888,27;24/12/2025;24/12/2025;0
50891;24/09/2025;10167;20007;4;Web;Rapidex;Normal;620;3;12;15,46;487,88;27/09/2025;30/09/2025;1
50892;03/12/2025;10155;20048;2;Tienda;Blueship;Normal;327;1;23;5,87;479,48;04/12/2025;04/12/2025;0
50893;22/11/2025;10160;20050;4;Web;Gopack;Normal;473;5;7;10,57;1317,36;27/11/2025;27/11/2025;0
50894;05/04/2025;10076;20039;4;Tienda;Blueship;Normal;400;2;0;13,93;394;07/04/2025;07/04/2025;0
50895;26/08/2025;10171;20016;2;Web;Transnova;Normal;356;3;13;6,92;23,02;29/08/2025;01/09/2025;1
50896;07/07/2025;10206;20058;1;App;Gopack;Normal;422;2;14;11,16;107,69;09/07/2025;09/07/2025;0
50897;10/10/2025;10072;20045;1;App;Gopack;Normal;383;1;7;7,27;284,86;11/10/2025;11/10/2025;0
50898;18/09/2025;10114;20001;4;Web;Blueship;Normal;591;3;23;13,91;824,64;21/09/2025;27/09/2025;1
50899;26/01/2026;10081;20005;3;Tienda;Transnova;Normal;19;3;27;6,76;583,8;29/01/2026;29/01/2026;0
50900;17/02/2025;10248;20033;5;Web;Transnova;Normal;329;4;0;13,88;806,05;21/02/2025;22/02/2025;1
50901;08/02/2025;10125;20025;4;Web;Gopack;Normal;697;1;30;12,29;1287,96;09/02/2025;13/02/2025;1
50902;18/05/2025;10223;20037;5;Web;Blueship;Normal;239;3;13;12,89;2058,85;21/05/2025;26/05/2025;1
50903;01/06/2026;10167;20043;5;Web;Transnova;Normal;243;1;9;14,4;327,55;02/06/2026;06/06/2026;1
50904;08/07/2025;10227;20037;3;Web;Gopack;Normal;108;5;1;7,79;1235,31;13/07/2025;13/07/2025;0
50905;07/01/2026;10180;20024;2;Web;Transnova;Normal;302;2;27;8,05;415;09/01/2026;13/01/2026;1
50906;21/02/2025;10141;20004;5;Web;Gopack;Alta;5;5;25;11,48;1869,6;26/02/2025;26/02/2025;0
50907;28/02/2026;10131;20041;4;Web;Rapidex;Normal;160;1;12;7,96;248,68;01/03/2026;01/03/2026;0
50908;21/08/2025;10114;20046;3;App;Rapidex;Normal;5;4;13;7,68;414,03;25/08/2025;25/08/2025;0
50909;15/01/2026;10019;20033;1;Web;Rapidex;Normal;347;4;11;10,36;161,21;19/01/2026;23/01/2026;1
50910;20/07/2025;10015;20047;4;Tienda;Blueship;Normal;333;3;18;15,22;1129,64;23/07/2025;27/07/2025;1
50911;26/06/2026;10071;20044;1;Tienda;Gopack;Normal;403;5;11;11,76;88,02;01/07/2026;01/07/2026;0
50912;20/01/2026;10203;20042;2;App;Rapidex;Normal;332;3;26;9,88;376,82;23/01/2026;23/01/2026;0
50913;21/08/2025;10185;20069;2;Web;Rapidex;Normal;364;5;21;11,36;592,18;26/08/2025;01/09/2025;1
50914;20/12/2025;10087;20074;4;App;Transnova;Normal;500;5;16;7,94;1050,96;25/12/2025;31/12/2025;1
50915;03/02/2026;10008;20054;2;App;Blueship;Alta;359;5;10;8,58;179,12;08/02/2026;13/02/2026;1
50916;03/10/2025;10046;20017;3;Web;Rapidex;Alta;480;3;36;8,82;135,78;06/10/2025;10/10/2025;1
50917;18/04/2025;10214;20048;3;App;Transnova;Normal;319;4;8;7,37;719,22;22/04/2025;22/04/2025;0
50918;09/10/2025;10198;20050;5;App;Rapidex;Normal;208;1;20;9,66;1646,7;10/10/2025;12/10/2025;1
50919;24/04/2025;10024;20018;1;Tienda;Gopack;Alta;177;3;14;5,57;142,68;27/04/2025;01/05/2025;1
50920;17/03/2025;10127;20022;2;Web;Gopack;Normal;590;1;11;14,21;279,26;18/03/2025;20/03/2025;1
50921;19/02/2025;10233;20068;5;Web;Blueship;Alta;479;1;14;13,73;646,95;20/02/2025;22/02/2025;1
50922;14/05/2026;10019;20055;1;Tienda;Rapidex;Normal;122;2;27;6,74;384,25;16/05/2026;16/05/2026;0
50923;14/08/2025;10222;20067;5;Web;Transnova;Normal;291;5;15;12,78;1823,05;19/08/2025;19/08/2025;0
50924;03/03/2026;10060;20047;5;Tienda;Gopack;Normal;310;3;20;9,46;1412,05;06/03/2026;06/03/2026;0
50925;04/05/2025;10260;20014;3;Web;Rapidex;Normal;5;3;22;3,6;1220,82;07/05/2025;07/05/2025;0
50926;15/10/2025;10183;20020;4;Tienda;Blueship;Normal;260;3;19;11,63;1098,04;18/10/2025;18/10/2025;0
50927;08/02/2026;10178;20065;2;Tienda;Transnova;Normal;173;4;16;8,16;291,24;12/02/2026;12/02/2026;0
50928;01/01/2025;10040;20072;5;App;Gopack;Normal;107;5;5;5,39;1317,15;06/01/2025;06/01/2025;0
50929;11/12/2025;10229;20031;3;Web;Rapidex;Alta;367;4;10;11,23;102,36;15/12/2025;16/12/2025;1
50930;08/01/2026;10145;20002;4;Web;Blueship;Normal;142;2;7;7,75;401,84;10/01/2026;13/01/2026;1
50931;15/11/2025;10259;20035;4;Tienda;Rapidex;Normal;533;3;8;12,13;845,88;18/11/2025;24/11/2025;1
50932;16/08/2025;10145;20055;4;Tienda;Blueship;Normal;202;4;39;6,87;1537;20/08/2025;20/08/2025;0
50933;25/01/2025;10049;20012;4;Tienda;Gopack;Alta;321;4;28;9,62;110,72;29/01/2025;04/02/2025;1
50934;25/07/2025;10230;20003;4;Tienda;Transnova;Normal;407;5;4;9,75;1021,68;30/07/2025;30/07/2025;0
50935;18/12/2025;10216;20068;5;Web;Rapidex;Normal;677;2;18;14,01;646,95;20/12/2025;21/12/2025;1
50936;06/09/2025;10127;20041;4;Web;Gopack;Normal;329;1;28;9,62;248,68;07/09/2025;11/09/2025;1
50937;15/06/2025;10126;20071;4;Tienda;Rapidex;Normal;396;2;23;15,84;1175,24;17/06/2025;22/06/2025;1
50938;26/10/2025;10024;20072;4;Web;Transnova;Normal;542;5;15;15,49;1053,72;31/10/2025;05/11/2025;1
50939;27/09/2025;10170;20033;4;App;Blueship;Alta;156;2;25;10,74;644,84;29/09/2025;29/09/2025;0
50940;17/04/2026;10167;20009;4;Web;Blueship;Normal;452;2;6;8,7;1576,12;19/04/2026;19/04/2026;0
50941;08/02/2025;10004;20006;1;Web;Gopack;Normal;903;5;11;15,62;48,66;13/02/2025;14/02/2025;1
50942;07/07/2025;10129;20034;1;Tienda;Transnova;Normal;574;1;5;8,81;256,82;08/07/2025;11/07/2025;1
50943;09/02/2025;10037;20023;2;App;Blueship;Normal;366;4;21;8,99;633;13/02/2025;17/02/2025;1
50944;16/08/2025;10189;20019;5;Tienda;Transnova;Normal;329;4;11;12,95;1710,65;20/08/2025;20/08/2025;0
50945;14/12/2025;10094;20012;4;Tienda;Blueship;Normal;356;4;39;13,18;110,72;18/12/2025;18/12/2025;0
50946;17/09/2025;10051;20071;5;Tienda;Transnova;Normal;618;1;25;17,88;1469,05;18/09/2025;24/09/2025;1
50947;13/01/2025;10228;20059;3;Web;Gopack;Normal;200;1;14;7,57;698,1;14/01/2025;20/01/2025;1
50948;19/04/2026;10044;20023;1;Web;Rapidex;Normal;5;1;10;5,69;316,5;20/04/2026;20/04/2026;0
50949;21/08/2025;10250;20016;5;Web;Gopack;Normal;545;4;19;15,15;57,55;25/08/2025;25/08/2025;0
50950;27/01/2026;10222;20067;1;Tienda;Blueship;Normal;224;4;9;9,28;364,61;31/01/2026;04/02/2026;1
50951;06/04/2026;10142;20055;3;App;Blueship;Normal;544;3;19;11,88;1152,75;09/04/2026;09/04/2026;0
50952;09/05/2025;10203;20039;5;Web;Rapidex;Normal;329;3;26;9,53;492,5;12/05/2025;14/05/2025;1
50953;10/08/2025;10045;20012;4;Tienda;Blueship;Normal;334;1;21;12,88;110,72;11/08/2025;13/08/2025;1
50954;09/02/2026;10038;20032;1;Web;Blueship;Normal;579;2;16;10,95;145,37;11/02/2026;15/02/2026;1
50955;06/08/2025;10029;20041;3;Web;Rapidex;Normal;444;1;7;9,35;186,51;07/08/2025;07/08/2025;0
50956;05/10/2025;10097;20011;2;App;Gopack;Normal;404;5;11;10,3;662,4;10/10/2025;10/10/2025;0
50957;20/07/2025;10028;20059;2;App;Gopack;Normal;656;4;2;12,1;465,4;24/07/2025;29/07/2025;1
50958;25/08/2025;10028;20046;5;Web;Gopack;Normal;91;5;11;6,18;690,05;30/08/2025;30/08/2025;0
50959;24/09/2025;10200;20069;4;Tienda;Rapidex;Normal;233;4;4;11,9;1184,36;28/09/2025;28/09/2025;0
50960;22/06/2025;10052;20072;5;App;Rapidex;Alta;255;2;20;4,95;1317,15;24/06/2025;25/06/2025;1
50961;10/03/2025;10155;20021;1;App;Rapidex;Normal;347;4;21;10,05;144,15;14/03/2025;16/03/2025;1
50962;14/03/2025;10046;20010;5;Web;Gopack;Normal;341;2;0;12,16;905,75;16/03/2025;17/03/2025;1
50963;31/03/2025;10078;20022;4;Tienda;Blueship;Normal;329;4;25;12,15;558,52;04/04/2025;04/04/2025;0
50964;01/11/2025;10005;20002;2;App;Gopack;Normal;613;3;30;14,09;200,92;04/11/2025;08/11/2025;1
50965;02/04/2025;10258;20053;3;Tienda;Blueship;Normal;628;1;5;11,23;1088,79;03/04/2025;05/04/2025;1
50966;14/10/2025;10059;20052;4;Web;Transnova;Normal;483;3;26;10,86;263,44;17/10/2025;18/10/2025;1
50967;11/02/2025;10244;20059;3;Tienda;Transnova;Normal;440;3;19;12,95;698,1;14/02/2025;14/02/2025;0
50968;02/09/2025;10121;20030;2;Tienda;Gopack;Alta;260;3;11;10,61;604,88;05/09/2025;05/09/2025;0
50969;08/02/2026;10054;20071;1;Tienda;Blueship;Normal;144;5;25;5,31;293,81;13/02/2026;13/02/2026;0
50970;22/04/2026;10044;20022;2;Tienda;Blueship;Normal;306;3;18;10,15;279,26;25/04/2026;25/04/2026;0
50971;20/09/2025;10095;20011;3;App;Blueship;Normal;407;4;18;10,05;993,6;24/09/2025;30/09/2025;1
50972;28/12/2025;10115;20047;4;Web;Blueship;Normal;75;4;15;6,52;1129,64;01/01/2026;01/01/2026;0
50973;23/02/2026;10135;20013;1;Web;Gopack;Normal;339;1;35;6,93;57,69;24/02/2026;24/02/2026;0
50974;27/11/2025;10118;20044;1;Tienda;Blueship;Normal;448;1;32;12,98;88,02;28/11/2025;28/11/2025;0
50975;15/07/2025;10160;20020;1;App;Rapidex;Normal;5;2;20;5,42;274,51;17/07/2025;20/07/2025;1
50976;08/03/2025;10139;20041;4;App;Blueship;Normal;258;2;17;11,57;248,68;10/03/2025;11/03/2025;1
50977;07/04/2025;10047;20048;2;Tienda;Blueship;Normal;5;5;17;4,94;479,48;12/04/2025;12/04/2025;0
50978;09/05/2026;10054;20026;1;Web;Blueship;Normal;204;2;28;4,95;57,81;11/05/2026;11/05/2026;0
50979;16/02/2025;10074;20075;5;App;Rapidex;Normal;428;2;14;12,3;926,7;18/02/2025;24/02/2025;1
50980;19/05/2025;10198;20022;2;Tienda;Blueship;Normal;762;5;15;14,48;279,26;24/05/2025;25/05/2025;1
50981;16/02/2026;10144;20008;1;App;Rapidex;Normal;19;3;9;2,71;235,46;19/02/2026;19/02/2026;0
50982;18/05/2026;10219;20063;4;App;Gopack;Alta;477;3;12;11,33;946,2;21/05/2026;24/05/2026;1
50983;17/05/2025;10177;20008;2;App;Transnova;Normal;222;5;22;8,08;470,92;22/05/2025;22/05/2025;0
50984;23/05/2026;10058;20010;4;Web;Rapidex;Normal;174;4;31;8,49;724,6;27/05/2026;28/05/2026;1
50985;18/09/2025;10013;20052;3;Web;Transnova;Normal;445;2;12;11,02;197,58;20/09/2025;22/09/2025;1
50986;06/02/2025;10175;20060;1;Tienda;Transnova;Normal;728;1;28;13,74;149,55;07/02/2025;07/02/2025;0
50987;07/06/2025;10055;20040;3;Tienda;Blueship;Normal;5;5;20;5,27;614,31;12/06/2025;12/06/2025;0
50988;30/11/2025;10240;20067;2;App;Gopack;Alta;23;2;26;2,5;729,22;02/12/2025;02/12/2025;0
50989;15/01/2026;10045;20030;1;Tienda;Blueship;Normal;88;2;15;5,81;302,44;17/01/2026;17/01/2026;0
50990;18/06/2026;10020;20074;2;Web;Gopack;Normal;395;2;33;12,5;525,48;20/06/2026;22/06/2026;1
50991;18/03/2025;10232;20054;2;App;Blueship;Normal;364;2;21;8,94;179,12;20/03/2025;24/03/2025;1
50992;12/01/2025;10227;20064;1;App;Rapidex;Normal;408;2;29;7,93;393,14;14/01/2025;17/01/2025;1
50993;25/02/2026;10231;20048;2;Tienda;Transnova;Normal;345;2;37;8,21;479,48;27/02/2026;04/03/2026;1
50994;16/01/2025;10056;20013;4;Tienda;Gopack;Normal;404;1;17;11,24;230,76;17/01/2025;23/01/2025;1
50995;30/03/2025;10200;20033;1;Tienda;Blueship;Normal;271;4;20;6,1;161,21;03/04/2025;04/04/2025;1
50996;26/11/2025;10223;20036;1;Tienda;Blueship;Normal;76;1;20;4,43;248,2;27/11/2025;01/12/2025;1
50997;10/01/2025;10058;20037;2;Tienda;Transnova;Alta;217;1;20;10,15;823,54;11/01/2025;11/01/2025;0
50998;15/12/2025;10229;20027;5;Web;Gopack;Normal;505;3;17;15,39;570,1;18/12/2025;19/12/2025;1
50999;14/02/2026;10106;20001;3;Tienda;Blueship;Normal;531;5;13;14,79;618,48;19/02/2026;24/02/2026;1
51000;12/12/2025;10078;20039;4;Web;Gopack;Normal;211;5;0;10,26;394;17/12/2025;17/12/2025;0
51001;09/04/2026;10244;20001;4;Tienda;Gopack;Normal;292;4;14;10,81;824,64;13/04/2026;13/04/2026;0
51002;19/11/2025;10055;20023;4;App;Rapidex;Normal;298;4;29;8,04;1266;23/11/2025;23/11/2025;0
51003;12/09/2025;10168;20002;3;Web;Blueship;Normal;6;2;28;5,29;301,38;14/09/2025;14/09/2025;0
51004;03/05/2025;10085;20072;5;App;Rapidex;Normal;181;2;3;8,7;1317,15;05/05/2025;05/05/2025;0
51005;11/10/2025;10011;20068;4;App;Gopack;Normal;126;4;20;9,55;517,56;15/10/2025;15/10/2025;0
51006;15/12/2025;10160;20034;4;Web;Gopack;Normal;5;3;17;8,36;1027,28;18/12/2025;18/12/2025;0
51007;07/11/2025;10003;20001;3;Tienda;Blueship;Normal;29;2;12;3,32;618,48;09/11/2025;09/11/2025;0
51008;19/10/2025;10155;20026;5;App;Blueship;Normal;167;2;16;9,26;289,05;21/10/2025;21/10/2025;0
51009;10/09/2025;10236;20050;3;App;Blueship;Normal;886;1;10;19,56;988,02;11/09/2025;12/09/2025;1
51010;23/11/2025;10034;20017;2;App;Blueship;Normal;525;2;12;11,76;90,52;25/11/2025;01/12/2025;1
51011;26/03/2025;10019;20015;1;Web;Gopack;Normal;362;5;6;6,17;167,39;31/03/2025;31/03/2025;0
51012;06/10/2025;10082;20017;4;Web;Blueship;Normal;590;2;36;14,92;181,04;08/10/2025;10/10/2025;1
51013;19/05/2026;10137;20070;5;Web;Transnova;Alta;221;4;24;9,77;1710,9;23/05/2026;23/05/2026;0
51014;22/03/2025;10174;20026;2;Tienda;Gopack;Normal;326;3;11;9,27;115,62;25/03/2025;25/03/2025;0
51015;11/06/2026;10148;20053;3;Web;Rapidex;Alta;229;4;18;8,24;1088,79;15/06/2026;21/06/2026;1
51016;20/04/2026;10096;20038;4;Tienda;Rapidex;Normal;249;5;17;11,13;521,76;25/04/2026;25/04/2026;0
51017;10/02/2025;10026;20037;2;App;Blueship;Normal;93;1;5;2,5;823,54;11/02/2025;11/02/2025;0
51018;28/05/2026;10097;20006;1;App;Transnova;Normal;288;3;18;6,95;48,66;31/05/2026;31/05/2026;0
51019;06/08/2025;10229;20050;1;Web;Rapidex;Alta;794;3;14;16,24;329,34;09/08/2025;13/08/2025;1
51020;22/07/2025;10161;20019;5;Tienda;Gopack;Alta;355;1;1;14,97;1710,65;23/07/2025;23/07/2025;0
51021;02/08/2025;10010;20033;4;App;Transnova;Normal;238;1;18;8,75;644,84;03/08/2025;07/08/2025;1
51022;05/08/2025;10033;20028;1;Web;Transnova;Normal;493;4;20;14,93;72,6;09/08/2025;09/08/2025;0
51023;04/06/2025;10128;20048;1;Web;Gopack;Normal;5;4;30;5,77;239,74;08/06/2025;08/06/2025;0
51024;01/01/2025;10200;20023;1;Web;Rapidex;Alta;265;5;1;7,95;316,5;06/01/2025;06/01/2025;0
51025;02/05/2026;10014;20010;3;Tienda;Gopack;Normal;118;2;4;6,66;543,45;04/05/2026;04/05/2026;0
51026;28/01/2026;10217;20012;5;Web;Transnova;Normal;164;3;28;10,09;138,4;31/01/2026;31/01/2026;0
51027;27/06/2025;10130;20047;2;Web;Gopack;Normal;35;5;14;8,51;564,82;02/07/2025;02/07/2025;0
51028;28/04/2025;10128;20009;4;Tienda;Rapidex;Normal;149;5;17;9,03;1576,12;03/05/2025;03/05/2025;0
51029;07/07/2025;10227;20016;3;App;Blueship;Alta;400;2;24;11,55;34,53;09/07/2025;10/07/2025;1
51030;09/03/2025;10108;20027;2;App;Rapidex;Normal;39;2;21;4,03;228,04;11/03/2025;11/03/2025;0
51031;26/09/2025;10186;20004;4;Web;Gopack;Normal;105;1;26;8,8;1495,68;27/09/2025;27/09/2025;0
51032;11/06/2025;10020;20024;1;Web;Transnova;Alta;282;1;15;5,04;207,5;12/06/2025;12/06/2025;0
51033;12/04/2026;10189;20001;3;Tienda;Gopack;Normal;243;3;24;8,81;618,48;15/04/2026;16/04/2026;1
51034;08/01/2025;10168;20065;3;Web;Gopack;Normal;299;2;7;11,57;436,86;10/01/2025;10/01/2025;0
51035;20/07/2025;10215;20001;5;Web;Blueship;Alta;531;2;27;10,41;1030,8;22/07/2025;27/07/2025;1
51036;12/04/2025;10226;20049;2;Tienda;Rapidex;Normal;271;1;10;9,3;266,44;13/04/2025;13/04/2025;0
51037;16/11/2025;10222;20018;1;App;Gopack;Normal;343;5;18;9,55;142,68;21/11/2025;21/11/2025;0
51038;29/01/2025;10071;20056;5;Web;Blueship;Alta;569;3;11;13,65;459,85;01/02/2025;02/02/2025;1
51039;17/08/2025;10039;20048;3;Web;Transnova;Normal;169;2;7;7,08;719,22;19/08/2025;21/08/2025;1
51040;31/01/2025;10119;20022;1;Tienda;Transnova;Alta;428;5;12;7,66;139,63;05/02/2025;05/02/2025;0
51041;21/04/2026;10126;20049;2;Tienda;Gopack;Normal;112;5;11;6,11;266,44;26/04/2026;26/04/2026;0
51042;30/10/2025;10176;20064;3;Web;Transnova;Normal;304;5;34;11,79;1179,42;04/11/2025;04/11/2025;0
51043;08/02/2025;10015;20036;3;App;Transnova;Normal;75;4;8;7,56;744,6;12/02/2025;12/02/2025;0
51044;07/02/2025;10023;20037;5;App;Transnova;Normal;288;1;23;11,1;2058,85;08/02/2025;14/02/2025;1
51045;27/01/2025;10025;20057;1;Tienda;Gopack;Normal;549;4;11;10,17;232,41;31/01/2025;04/02/2025;1
51046;14/01/2026;10229;20026;3;App;Transnova;Normal;216;5;12;9,38;173,43;19/01/2026;19/01/2026;0
51047;18/10/2025;10142;20010;4;Tienda;Transnova;Normal;233;4;5;8,54;724,6;22/10/2025;28/10/2025;1
51048;05/08/2025;10254;20014;2;Tienda;Blueship;Normal;192;1;11;10,11;813,88;06/08/2025;06/08/2025;0
51049;12/04/2025;10184;20019;2;Web;Rapidex;Normal;372;3;12;11,18;684,26;15/04/2025;15/04/2025;0
51050;22/04/2026;10191;20021;1;Web;Blueship;Normal;227;4;21;8,25;144,15;26/04/2026;30/04/2026;1
51051;02/02/2025;10018;20010;3;Web;Blueship;Normal;682;3;3;13,88;543,45;05/02/2025;05/02/2025;0
51052;17/02/2026;10156;20031;1;Tienda;Blueship;Normal;234;3;22;7,35;34,12;20/02/2026;23/02/2026;1
51053;09/01/2026;10253;20047;5;Tienda;Gopack;Normal;735;3;11;15,59;1412,05;12/01/2026;14/01/2026;1
51054;26/10/2025;10246;20016;3;Web;Blueship;Normal;416;5;15;12,6;34,53;31/10/2025;01/11/2025;1
51055;01/03/2026;10105;20013;3;Web;Gopack;Normal;477;2;23;13,76;173,07;03/03/2026;09/03/2026;1
51056;23/03/2025;10022;20021;5;App;Blueship;Normal;26;1;11;5,7;720,75;24/03/2025;27/03/2025;1
51057;13/05/2025;10167;20007;4;Tienda;Transnova;Normal;435;2;33;13,07;487,88;15/05/2025;17/05/2025;1
51058;03/10/2025;10084;20014;3;Web;Gopack;Normal;808;1;34;16,22;1220,82;04/10/2025;06/10/2025;1
51059;08/12/2025;10245;20064;5;App;Blueship;Normal;486;2;20;11,16;1965,7;10/12/2025;10/12/2025;0
51060;09/07/2025;10058;20049;3;Tienda;Rapidex;Alta;318;4;7;9,98;399,66;13/07/2025;16/07/2025;1
51061;31/01/2025;10192;20070;5;App;Transnova;Normal;124;1;11;9,18;1710,9;01/02/2025;04/02/2025;1
51062;05/02/2026;10213;20029;2;Tienda;Rapidex;Normal;134;5;16;4,97;89,5;10/02/2026;10/02/2026;0
51063;19/05/2026;10139;20043;3;Tienda;Rapidex;Normal;123;4;20;6,26;196,53;23/05/2026;23/05/2026;0
51064;08/03/2026;10056;20002;1;Tienda;Rapidex;Normal;422;4;11;9,59;100,46;12/03/2026;17/03/2026;1
51065;07/06/2026;10099;20052;5;App;Blueship;Alta;495;2;10;14,18;329,3;09/06/2026;14/06/2026;1
51066;28/08/2025;10050;20020;4;Tienda;Transnova;Normal;5;2;21;7,81;1098,04;30/08/2025;31/08/2025;1
51067;19/06/2026;10054;20075;4;Web;Rapidex;Normal;5;2;11;10,04;741,36;21/06/2026;27/06/2026;1
51068;11/07/2025;10059;20002;2;App;Transnova;Normal;215;5;24;9,42;200,92;16/07/2025;16/07/2025;0
51069;01/03/2026;10218;20068;3;Web;Blueship;Normal;158;1;8;8,28;388,17;02/03/2026;02/03/2026;0
51070;01/02/2026;10209;20038;4;App;Rapidex;Normal;211;3;28;7,27;521,76;04/02/2026;04/02/2026;0
51071;25/12/2025;10045;20032;5;Tienda;Transnova;Normal;685;3;19;16,21;726,85;28/12/2025;29/12/2025;1
51072;12/01/2025;10046;20032;3;Web;Rapidex;Alta;471;1;26;12,23;436,11;13/01/2025;13/01/2025;0
51073;19/08/2025;10161;20016;5;Tienda;Transnova;Normal;251;1;19;13,04;57,55;20/08/2025;20/08/2025;0
51074;06/05/2025;10104;20052;2;Web;Gopack;Normal;634;5;18;14,36;131,72;11/05/2025;13/05/2025;1
51075;13/01/2026;10252;20070;1;Tienda;Transnova;Normal;198;5;33;8,44;342,18;18/01/2026;18/01/2026;0
51076;29/04/2026;10187;20025;1;Tienda;Transnova;Normal;298;1;8;6,92;321,99;30/04/2026;06/05/2026;1
51077;17/11/2025;10243;20016;3;Tienda;Transnova;Normal;411;3;9;11,64;34,53;20/11/2025;20/11/2025;0
51078;29/04/2026;10059;20005;2;Web;Blueship;Alta;150;5;0;8,66;389,2;04/05/2026;04/05/2026;0
51079;10/09/2025;10226;20023;4;Tienda;Gopack;Normal;5;1;9;6,69;1266;11/09/2025;11/09/2025;0
51080;05/10/2025;10226;20052;4;Web;Blueship;Normal;571;3;28;14,25;263,44;08/10/2025;14/10/2025;1
51081;20/03/2025;10199;20027;4;Tienda;Blueship;Normal;582;1;9;14,92;456,08;21/03/2025;24/03/2025;1
51082;18/05/2026;10110;20075;3;Tienda;Gopack;Normal;260;5;16;8,6;556,02;23/05/2026;23/05/2026;0
51083;13/01/2025;10041;20055;5;App;Blueship;Normal;5;1;18;6,42;1921,25;14/01/2025;20/01/2025;1
51084;08/11/2025;10105;20061;2;Web;Gopack;Normal;655;5;10;15,01;613,68;13/11/2025;16/11/2025;1
51085;17/01/2026;10244;20042;2;Tienda;Transnova;Normal;484;5;14;3,93;376,82;22/01/2026;26/01/2026;1
51086;07/12/2025;10238;20028;5;App;Rapidex;Normal;392;2;22;12,46;363;09/12/2025;10/12/2025;1
51087;21/01/2025;10023;20018;3;App;Transnova;Normal;174;3;6;9,3;428,04;24/01/2025;28/01/2025;1
51088;23/11/2025;10115;20034;3;Tienda;Transnova;Alta;483;2;4;11,24;770,46;25/11/2025;27/11/2025;1
51089;13/02/2026;10126;20035;2;Tienda;Blueship;Normal;513;3;27;9,66;422,94;16/02/2026;18/02/2026;1
51090;09/11/2025;10118;20025;4;Tienda;Blueship;Normal;105;1;29;8,9;1287,96;10/11/2025;10/11/2025;0
51091;13/10/2025;10066;20003;1;Tienda;Rapidex;Normal;637;4;44;11,94;255,42;17/10/2025;21/10/2025;1
51092;29/11/2025;10199;20028;4;Web;Transnova;Normal;234;3;17;10,57;290,4;02/12/2025;02/12/2025;0
51093;27/01/2025;10032;20046;4;App;Transnova;Normal;180;4;4;9,46;552,04;31/01/2025;05/02/2025;1
51094;08/05/2025;10111;20010;4;Tienda;Rapidex;Normal;163;3;19;15,15;724,6;11/05/2025;11/05/2025;0
51095;27/04/2025;10125;20058;5;Web;Transnova;Normal;742;1;22;19,8;538,45;28/04/2025;01/05/2025;1
51096;24/03/2026;10173;20064;2;App;Rapidex;Normal;478;3;27;10,34;786,28;27/03/2026;01/04/2026;1
51097;02/11/2025;10196;20071;4;Web;Gopack;Normal;544;1;15;13,87;1175,24;03/11/2025;04/11/2025;1
51098;20/09/2025;10116;20002;3;Web;Gopack;Normal;349;3;23;15,18;301,38;23/09/2025;29/09/2025;1
51099;22/12/2025;10168;20006;4;App;Rapidex;Normal;226;1;19;12,08;194,64;23/12/2025;27/12/2025;1
51100;31/10/2025;10247;20061;4;App;Transnova;Normal;188;3;14;7,49;1227,36;03/11/2025;03/11/2025;0
51101;25/06/2026;10095;20039;5;App;Transnova;Normal;69;3;10;8,9;492,5;28/06/2026;28/06/2026;0
51102;17/10/2025;10003;20046;2;Web;Transnova;Normal;217;4;13;8,43;276,02;21/10/2025;27/10/2025;1
51103;18/05/2026;10259;20058;3;Web;Gopack;Normal;268;3;27;7,01;323,07;21/05/2026;21/05/2026;0
51104;24/10/2025;10045;20049;4;App;Transnova;Normal;302;2;13;7,34;532,88;26/10/2025;28/10/2025;1
51105;20/02/2025;10109;20007;3;Tienda;Transnova;Normal;205;4;30;9,3;365,91;24/02/2025;24/02/2025;0
51106;03/11/2025;10162;20037;3;App;Gopack;Normal;167;4;21;10,46;1235,31;07/11/2025;07/11/2025;0
51107;03/03/2026;10151;20057;5;Web;Blueship;Normal;283;1;27;12,51;1162,05;04/03/2026;04/03/2026;0
51108;16/02/2025;10108;20070;2;Web;Transnova;Normal;475;3;25;10,86;684,36;19/02/2025;22/02/2025;1
51109;17/03/2026;10027;20067;2;Tienda;Rapidex;Normal;267;2;12;9,22;729,22;19/03/2026;19/03/2026;0
51110;19/08/2025;10013;20035;3;Tienda;Blueship;Normal;259;1;17;8,31;634,41;20/08/2025;20/08/2025;0
51111;18/08/2025;10105;20050;4;Tienda;Rapidex;Normal;268;1;29;9,67;1317,36;19/08/2025;19/08/2025;0
51112;25/04/2026;10147;20019;2;App;Transnova;Normal;358;1;32;8,81;684,26;26/04/2026;26/04/2026;0
51113;25/07/2025;10222;20063;3;App;Rapidex;Normal;237;4;6;7,48;709,65;29/07/2025;02/08/2025;1
51114;26/08/2025;10102;20013;3;App;Gopack;Alta;352;2;27;9,8;173,07;28/08/2025;28/08/2025;0
51115;19/02/2025;10081;20048;4;App;Gopack;Alta;269;4;32;7,95;958,96;23/02/2025;23/02/2025;0
51116;02/03/2026;10027;20067;5;App;Transnova;Normal;19;5;8;11,22;1823,05;07/03/2026;07/03/2026;0
51117;03/07/2026;10121;20042;2;App;Gopack;Normal;326;1;12;13,04;376,82;04/07/2026;04/07/2026;0
51118;28/09/2025;10249;20071;3;App;Gopack;Normal;144;2;17;6,15;881,43;30/09/2025;30/09/2025;0
51119;04/07/2025;10081;20063;1;App;Gopack;Alta;81;3;17;3,75;236,55;07/07/2025;07/07/2025;0
51120;07/11/2025;10233;20013;1;App;Blueship;Alta;184;2;19;4,59;57,69;09/11/2025;15/11/2025;1
51121;03/03/2025;10094;20050;4;Web;Gopack;Alta;77;5;13;8,73;1317,36;08/03/2025;08/03/2025;0
51122;15/04/2026;10228;20008;2;Web;Gopack;Normal;5;5;3;3,93;470,92;20/04/2026;20/04/2026;0
51123;29/06/2026;10001;20061;2;Tienda;Transnova;Normal;453;3;6;12,24;613,68;02/07/2026;03/07/2026;1
51124;09/04/2026;10121;20040;4;Tienda;Blueship;Normal;474;4;26;10,34;819,08;13/04/2026;14/04/2026;1
51125;06/02/2025;10036;20010;3;App;Transnova;Normal;557;4;2;12,65;543,45;10/02/2025;14/02/2025;1
51126;04/05/2025;10031;20067;1;App;Transnova;Normal;329;2;17;6,31;364,61;06/05/2025;12/05/2025;1
51127;27/04/2025;10069;20067;2;Tienda;Blueship;Alta;498;4;13;6,79;729,22;01/05/2025;01/05/2025;0
51128;19/03/2025;10119;20006;4;App;Transnova;Normal;400;1;20;11,66;194,64;20/03/2025;25/03/2025;1
51129;10/03/2026;10079;20038;5;Web;Transnova;Normal;164;3;17;10,7;652,2;13/03/2026;16/03/2026;1
51130;08/09/2025;10006;20071;2;App;Blueship;Normal;620;2;25;8,73;587,62;10/09/2025;12/09/2025;1
51131;05/05/2025;10252;20073;4;App;Rapidex;Normal;228;4;16;12,71;1493,8;09/05/2025;09/05/2025;0
51132;02/05/2025;10174;20037;5;Tienda;Rapidex;Normal;350;2;3;11,89;2058,85;04/05/2025;05/05/2025;1
51133;19/03/2026;10188;20022;5;App;Blueship;Normal;288;1;6;9,41;698,15;20/03/2026;21/03/2026;1
51134;01/04/2025;10017;20024;5;Web;Blueship;Normal;637;4;28;15,09;1037,5;05/04/2025;05/04/2025;0
51135;14/01/2026;10176;20010;1;App;Transnova;Normal;103;4;43;7,3;181,15;18/01/2026;18/01/2026;0
51136;17/11/2025;10109;20074;5;App;Transnova;Normal;396;3;0;9,49;1313,7;20/11/2025;20/11/2025;0
51137;12/03/2026;10009;20007;1;Web;Rapidex;Normal;183;5;20;6,89;121,97;17/03/2026;17/03/2026;0
51138;08/05/2026;10114;20005;3;App;Transnova;Normal;573;4;30;13,5;583,8;12/05/2026;12/05/2026;0
51139;22/03/2026;10222;20020;2;Web;Blueship;Normal;545;5;19;10,14;549,02;27/03/2026;01/04/2026;1
51140;28/07/2025;10055;20018;3;Tienda;Rapidex;Normal;168;3;19;9,21;428,04;31/07/2025;31/07/2025;0
51141;19/03/2025;10242;20017;2;App;Gopack;Normal;150;5;18;4,47;90,52;24/03/2025;29/03/2025;1
51142;04/05/2025;10183;20064;3;Tienda;Gopack;Normal;592;4;14;9,67;1179,42;08/05/2025;10/05/2025;1
51143;24/12/2025;10130;20060;2;Tienda;Gopack;Normal;626;5;0;13,66;299,1;29/12/2025;03/01/2026;1
51144;30/11/2025;10054;20007;2;Tienda;Rapidex;Alta;636;4;36;12,29;243,94;04/12/2025;08/12/2025;1
51145;03/01/2025;10095;20037;2;Web;Gopack;Normal;401;5;15;14,42;823,54;08/01/2025;13/01/2025;1
51146;26/03/2026;10045;20038;2;App;Blueship;Normal;521;1;22;10,75;260,88;27/03/2026;28/03/2026;1
51147;18/02/2025;10007;20036;2;Tienda;Transnova;Normal;519;3;1;9,75;496,4;21/02/2025;24/02/2025;1
51148;05/02/2026;10168;20029;4;Web;Transnova;Normal;226;3;15;7,88;179;08/02/2026;11/02/2026;1
51149;01/08/2025;10173;20033;1;Web;Transnova;Normal;212;4;0;6,35;161,21;05/08/2025;11/08/2025;1
51150;23/03/2026;10160;20024;2;Tienda;Transnova;Normal;455;2;43;6,43;415;25/03/2026;31/03/2026;1
51151;08/06/2026;10081;20032;1;App;Gopack;Alta;562;3;28;11,17;145,37;11/06/2026;11/06/2026;0
51152;23/05/2025;10082;20053;3;App;Gopack;Normal;139;1;27;8,86;1088,79;24/05/2025;24/05/2025;0
51153;11/02/2025;10073;20073;1;Web;Rapidex;Normal;186;1;17;5,62;373,45;12/02/2025;15/02/2025;1
51154;12/03/2025;10113;20011;2;Web;Blueship;Alta;5;2;36;6,1;662,4;14/03/2025;14/03/2025;0
51155;25/02/2025;10203;20058;5;App;Transnova;Normal;665;1;35;13,04;538,45;26/02/2025;28/02/2025;1
51156;06/05/2026;10037;20068;4;App;Rapidex;Normal;428;1;18;8,05;517,56;07/05/2026;07/05/2026;0
51157;24/06/2026;10250;20032;3;Tienda;Rapidex;Alta;460;4;24;11,93;436,11;28/06/2026;01/07/2026;1
51158;08/08/2025;10140;20075;1;Tienda;Transnova;Alta;272;4;18;8,36;185,34;12/08/2025;17/08/2025;1
51159;08/06/2026;10076;20016;4;Web;Rapidex;Normal;387;1;24;10,2;46,04;09/06/2026;09/06/2026;0
51160;18/12/2025;10004;20022;2;Web;Transnova;Normal;40;1;13;10,31;279,26;19/12/2025;22/12/2025;1
51161;29/10/2025;10191;20045;4;Tienda;Gopack;Normal;224;2;47;12,64;1139,44;31/10/2025;04/11/2025;1
51162;07/03/2025;10046;20052;4;App;Gopack;Normal;346;2;30;11,84;263,44;09/03/2025;13/03/2025;1
51163;01/08/2025;10192;20073;3;Web;Rapidex;Normal;565;5;27;13,78;1120,35;06/08/2025;10/08/2025;1
51164;09/04/2025;10048;20051;2;Web;Transnova;Normal;310;1;3;9,79;657,46;10/04/2025;10/04/2025;0
51165;05/02/2026;10228;20069;4;App;Blueship;Normal;230;3;14;10,06;1184,36;08/02/2026;08/02/2026;0
51166;23/08/2025;10006;20057;2;App;Gopack;Normal;302;2;19;12,77;464,82;25/08/2025;31/08/2025;1
51167;13/01/2026;10102;20022;5;Web;Rapidex;Normal;654;4;29;16,45;698,15;17/01/2026;23/01/2026;1
51168;22/08/2025;10117;20068;4;App;Rapidex;Normal;85;4;23;7,78;517,56;26/08/2025;26/08/2025;0
51169;11/02/2026;10033;20041;1;App;Gopack;Normal;585;3;26;10,51;62,17;14/02/2026;18/02/2026;1
51170;20/07/2025;10019;20039;3;Web;Gopack;Normal;130;2;3;6,28;295,5;22/07/2025;22/07/2025;0
51171;27/10/2025;10169;20009;3;Web;Transnova;Normal;403;3;9;7,6;1182,09;30/10/2025;30/10/2025;0
51172;21/03/2025;10189;20025;5;App;Transnova;Normal;369;2;14;10,18;1609,95;23/03/2025;25/03/2025;1
51173;29/08/2025;10016;20021;1;Web;Gopack;Normal;482;4;14;7,84;144,15;02/09/2025;02/09/2025;0
51174;16/04/2025;10143;20043;2;App;Transnova;Normal;353;2;13;8,38;131,02;18/04/2025;22/04/2025;1
51175;24/11/2025;10234;20031;2;Web;Blueship;Normal;341;2;16;5,77;68,24;26/11/2025;29/11/2025;1
51176;24/12/2025;10074;20043;4;Tienda;Gopack;Alta;391;2;16;11,27;262,04;26/12/2025;27/12/2025;1
51177;09/05/2026;10016;20070;5;App;Rapidex;Alta;353;4;19;11,6;1710,9;13/05/2026;13/05/2026;0
51178;07/06/2026;10050;20001;1;Web;Blueship;Normal;449;1;4;12,43;206,16;08/06/2026;12/06/2026;1
51179;18/09/2025;10049;20012;3;App;Transnova;Normal;65;2;32;6,63;83,04;20/09/2025;21/09/2025;1
51180;06/03/2026;10002;20029;1;Web;Transnova;Normal;279;1;11;9,41;44,75;07/03/2026;07/03/2026;0
51181;17/12/2025;10005;20019;1;App;Rapidex;Normal;466;5;13;4,38;342,13;22/12/2025;26/12/2025;1
51182;26/11/2025;10255;20071;1;Tienda;Blueship;Normal;182;5;27;7,24;293,81;01/12/2025;01/12/2025;0
51183;02/05/2025;10159;20033;5;Tienda;Rapidex;Normal;366;1;29;11,08;806,05;03/05/2025;04/05/2025;1
51184;31/07/2025;10060;20002;5;App;Transnova;Normal;17;1;31;8,04;502,3;01/08/2025;02/08/2025;1
51185;26/12/2025;10060;20054;4;Web;Rapidex;Normal;255;3;27;9,53;358,24;29/12/2025;03/01/2026;1
51186;08/05/2025;10187;20075;1;Web;Rapidex;Normal;361;3;15;7,16;185,34;11/05/2025;15/05/2025;1
51187;03/07/2026;10044;20051;3;Web;Rapidex;Normal;77;3;3;6,18;986,19;06/07/2026;06/07/2026;0
51188;15/07/2025;10107;20074;1;Web;Gopack;Normal;97;1;23;4,32;262,74;16/07/2025;16/07/2025;0
51189;16/10/2025;10109;20071;5;Web;Gopack;Alta;532;2;17;16,68;1469,05;18/10/2025;19/10/2025;1
51190;23/04/2025;10167;20058;5;Tienda;Blueship;Normal;574;3;10;15,23;538,45;26/04/2025;26/04/2025;0
51191;28/07/2025;10204;20017;4;Tienda;Transnova;Normal;116;1;15;7,03;181,04;29/07/2025;29/07/2025;0
51192;17/07/2025;10031;20003;3;Tienda;Gopack;Normal;423;4;14;10,69;766,26;21/07/2025;27/07/2025;1
51193;09/05/2025;10023;20044;5;Web;Blueship;Normal;5;5;8;4,32;440,1;14/05/2025;14/05/2025;0
51194;17/02/2025;10172;20045;1;Tienda;Blueship;Normal;335;3;24;5,57;284,86;20/02/2025;20/02/2025;0
51195;27/01/2026;10253;20075;1;Tienda;Rapidex;Normal;5;4;19;3,85;185,34;31/01/2026;31/01/2026;0
51196;04/12/2025;10248;20011;5;Tienda;Blueship;Normal;226;1;9;11,54;1656;05/12/2025;10/12/2025;1
51197;15/03/2025;10184;20046;4;App;Blueship;Normal;264;3;25;7,98;552,04;18/03/2025;18/03/2025;0
51198;25/03/2026;10149;20058;2;Tienda;Gopack;Normal;171;5;34;6,99;215,38;30/03/2026;30/03/2026;0
51199;08/03/2026;10142;20008;5;Tienda;Blueship;Normal;340;5;35;8,28;1177,3;13/03/2026;15/03/2026;1
51200;03/11/2025;10065;20025;5;Tienda;Rapidex;Normal;303;2;5;9,6;1609,95;05/11/2025;05/11/2025;0
